sk_driver,driverId,driverRef,forename,surname,nationality,nationality_encoded,code,dob_hash,source_id,load_timestamp
1,1,hamilton,lewis,hamilton,british,9,HAM,ab29ccbfcf3ec773ca9db01979467ce32cc17789bacf648cad5ae7f86b0bdfac,kaggle_drivers,2026-05-15 08:49:13
2,2,heidfeld,nick,heidfeld,german,20,HEI,45e0163ae7421a7491b4b60898e8d6e2cb573a7d353faa3635f7d2f33741861c,kaggle_drivers,2026-05-15 08:49:13
3,3,rosberg,nico,rosberg,german,20,ROS,273a0aada53298e696558fe21c4a36378b38bd22fa569d3424611340316fd1a0,kaggle_drivers,2026-05-15 08:49:13
4,4,alonso,fernando,alonso,spanish,37,ALO,bcacfad0f65e111bf9c5201753f857360065d3cc7561eedc974fca9fa58b1956,kaggle_drivers,2026-05-15 08:49:13
5,5,kovalainen,heikki,kovalainen,finnish,18,KOV,74630900cbd016d16739fc924c899dd15e21d46887cc5a1e90c635f7b0fcee0c,kaggle_drivers,2026-05-15 08:49:13
6,6,nakajima,kazuki,nakajima,japanese,26,NAK,950ff8273cbf83aa59445cb209a6256d83e1ec84057494b3636d57fe0280c708,kaggle_drivers,2026-05-15 08:49:13
7,7,bourdais,sebastien,bourdais,french,19,BOU,7efb5a1263ca241947c784af3b0a5b8b0b91731238031df80edce1af914677d2,kaggle_drivers,2026-05-15 08:49:13
8,8,raikkonen,kimi,raikkonen,finnish,18,RAI,0aba97c0150aee7a64ed62a56f367413744f3ee7029618ff056b0eda2a28a0be,kaggle_drivers,2026-05-15 08:49:13
9,9,kubica,robert,kubica,polish,32,KUB,f7a3295fd33b7f419211da62212f5ffbb0c905d1b658286fda3308c7043d1d06,kaggle_drivers,2026-05-15 08:49:13
10,10,glock,timo,glock,german,20,GLO,cd3a6b2fc067e4e33f321bb6288abd9755dba7142b4f9fa9f121ca526a39e828,kaggle_drivers,2026-05-15 08:49:13
11,11,sato,takuma,sato,japanese,26,SAT,135478bd2701e5b5cc3ef4b289c2856880595b1c6b8f043f47a556d8ac9d4a5f,kaggle_drivers,2026-05-15 08:49:13
12,12,piquet_jr,nelson,piquet jr.,brazilian,8,PIQ,a98d2e115544e351c5b259b644f23a3297cd67fc9f08e9fcf14412ffa7053e6c,kaggle_drivers,2026-05-15 08:49:13
13,13,massa,felipe,massa,brazilian,8,MAS,1f80f29c2b253825d46f4fa2b5ad934d7726e7c839a4a9a62580c14bf11230c1,kaggle_drivers,2026-05-15 08:49:13
14,14,coulthard,david,coulthard,british,9,COU,3c484f1437651c2a1b2e489c5066b053afd40d330106dba35f77da5fe6679c12,kaggle_drivers,2026-05-15 08:49:13
15,15,trulli,jarno,trulli,italian,25,TRU,cd5c3bfdf50f99de8b1aec42964dc2e31b933e0db9d5733cbfd93aa7ead2be66,kaggle_drivers,2026-05-15 08:49:13
16,16,sutil,adrian,sutil,german,20,SUT,bd4a1d6f4204ed56c7b7b5dcf3fee4239b4e676e2f40c22257f274bf50f5537e,kaggle_drivers,2026-05-15 08:49:13
17,17,webber,mark,webber,australian,5,WEB,63f3ab93408c895d4cbbbc7884da17dcd5ff7baf6858dee6223088166dffd8ed,kaggle_drivers,2026-05-15 08:49:13
18,18,button,jenson,button,british,9,BUT,a4c0ecea7101090316082aacc97c4dd230a2f8ca1547119e3961f2ab7bc61721,kaggle_drivers,2026-05-15 08:49:13
19,19,davidson,anthony,davidson,british,9,DAV,d763fd7d698095eef8f17c3528c7ff85c72b06013e14c30bd559877575dd0059,kaggle_drivers,2026-05-15 08:49:13
20,20,vettel,sebastian,vettel,german,20,VET,67c225d99fa6efe77a86492f7eb40e71a896d93043d100e16d88ae71a8ddfcf7,kaggle_drivers,2026-05-15 08:49:13
21,21,fisichella,giancarlo,fisichella,italian,25,FIS,006a5cbcb76ff3e63d8de74a0c3526db6dc8faff756cf407ecdee06dc9637b4e,kaggle_drivers,2026-05-15 08:49:13
22,22,barrichello,rubens,barrichello,brazilian,8,BAR,2ed658f994eece96e71f9b4c45d3a35d04faa638dfb99f88c77472cd0b47f076,kaggle_drivers,2026-05-15 08:49:13
23,23,ralf_schumacher,ralf,schumacher,german,20,SCH,3d1faf71813a77a7d3ee7a22efd8b534b3d5736b553ffbe904f24c884da55d9d,kaggle_drivers,2026-05-15 08:49:13
24,24,liuzzi,vitantonio,liuzzi,italian,25,LIU,7befeb866c928815c9418042844fd2a3f35219d7b4ae14717b25c8829c7afe71,kaggle_drivers,2026-05-15 08:49:13
25,25,wurz,alexander,wurz,austrian,6,WUR,a6547127ce5b5e2593b7316a10759a50dff3b4b0ca48e3c10fd62872df0b4aae,kaggle_drivers,2026-05-15 08:49:13
26,26,speed,scott,speed,american,0,SPE,cd6b7a1bae585d284539f79dfa73a36546c66576537412f5833a1be4787215a8,kaggle_drivers,2026-05-15 08:49:13
27,27,albers,christijan,albers,dutch,16,ALB,5df765cc3b39770213aca5261cb102d52ad18c5929351580e3fdd03c58e2b42d,kaggle_drivers,2026-05-15 08:49:13
28,28,markus_winkelhock,markus,winkelhock,german,20,WIN,e22accbb4177f218582181bde0317cbca2ec3b921b031d97e1474f1dccd03ffe,kaggle_drivers,2026-05-15 08:49:13
29,29,yamamoto,sakon,yamamoto,japanese,26,YAM,a0af6e002cd75866d311b1d5a9823db319a57d1fb61088649bf61846a7033e43,kaggle_drivers,2026-05-15 08:49:13
30,30,michael_schumacher,michael,schumacher,german,20,MSC,96e760fa0f53622085d655a2f49a2bdc66578f367c5ce9f020587063ee80339b,kaggle_drivers,2026-05-15 08:49:13
31,31,montoya,juan,pablo montoya,colombian,13,MON,58baa4bb8db92811cefacd47c9720e70cc2b09a96de5227450448d487422f095,kaggle_drivers,2026-05-15 08:49:13
32,32,klien,christian,klien,austrian,6,KLI,b993b06d3f8fae6335bceb593c50e2a9333b90be8f72627da19f6661bb493b57,kaggle_drivers,2026-05-15 08:49:13
33,33,monteiro,tiago,monteiro,portuguese,33,TMO,101c53314d34add6558610bd844f966efa5909b66c63fffb00bf52b692ebeb62,kaggle_drivers,2026-05-15 08:49:13
34,34,ide,yuji,ide,japanese,26,IDE,357777ac484d32de7ab5213aee56bc65ac0c24c5c7aae78c1d648dc3917215f3,kaggle_drivers,2026-05-15 08:49:13
35,35,villeneuve,jacques,villeneuve,canadian,10,VIL,a45f23b25da70a8e9be77d59835d0f6d8b4110c46609775d2abad2d8d554a1c8,kaggle_drivers,2026-05-15 08:49:13
36,36,montagny,franck,montagny,french,19,FMO,59a46771d205de39018671305c8cef07019c0fe9c8c1b309aed9fc24aa287f7c,kaggle_drivers,2026-05-15 08:49:13
37,37,rosa,pedro,de la rosa,spanish,37,DLR,4888f71a5e3aab8a85ce8880da39be5e159b30685134483d0bffaf4be6c6a242,kaggle_drivers,2026-05-15 08:49:13
38,38,doornbos,robert,doornbos,dutch,16,DOO,e88aef73528c36a53780e04d29b1c7256d20479624178946e44494f1c70abc87,kaggle_drivers,2026-05-15 08:49:13
39,39,karthikeyan,narain,karthikeyan,indian,22,KAR,e338f610dee0f2fd2964f7699623fd796d4ec71fa87b832ea0b5edc69afda409,kaggle_drivers,2026-05-15 08:49:13
40,40,friesacher,patrick,friesacher,austrian,6,FRI,41f371744a82853b61e1bfc5a09bb2b627ad1227d85cc9289f9e40b9049570b7,kaggle_drivers,2026-05-15 08:49:13
41,41,zonta,ricardo,zonta,brazilian,8,ZON,034b2d87ea790787c7bf54b543ce466ffc6a2f79abf2a042ec541d11eddc4125,kaggle_drivers,2026-05-15 08:49:13
42,42,pizzonia,antonio,pizzonia,brazilian,8,PIZ,f98faa7890fdabd0c373c65378135a6ea99ac8af7b1712f38f43124c9b759bb9,kaggle_drivers,2026-05-15 08:49:13
43,43,matta,cristiano,da matta,brazilian,8,N/A,7152e5782699e35e1cf8a1f314ee42d138db7047c5350fafd381539dcfbfe039,kaggle_drivers,2026-05-15 08:49:13
44,44,panis,olivier,panis,french,19,N/A,77cab0957b748b23f3f0340541bdfa3a5c651bc36c0b89ebd433d7b534d8b19f,kaggle_drivers,2026-05-15 08:49:13
45,45,pantano,giorgio,pantano,italian,25,N/A,52c2ae566abf5dfa7405cd524c821553a42217ecb464236d8e8adb988ad5ee96,kaggle_drivers,2026-05-15 08:49:13
46,46,bruni,gianmaria,bruni,italian,25,N/A,b0603b6e9f890b5bc1f15742a1084876d9e99288dc7d60286f0779b685aeb9f5,kaggle_drivers,2026-05-15 08:49:13
47,47,baumgartner,zsolt,baumgartner,hungarian,21,N/A,2a6096e26333f5deeb199df97ea47633936473a52d6fdb542d3791f8a65254c2,kaggle_drivers,2026-05-15 08:49:13
48,48,gene,marc,gene,spanish,37,N/A,6649a86687fb709af9e1e5f8643dd0ea061a1a26dcd560808af5f66621ac4309,kaggle_drivers,2026-05-15 08:49:13
49,49,frentzen,heinz-harald,frentzen,german,20,N/A,fcdf85968dd5c6c2ac7f25c2300ebb77dcc4f0b4c66e564932ac903a7607803f,kaggle_drivers,2026-05-15 08:49:13
50,50,verstappen,jos,verstappen,dutch,16,N/A,7e9b2337e949d406a87a3e4aa4ab86da73a4f2538c1340d80965036816434e92,kaggle_drivers,2026-05-15 08:49:13
51,51,wilson,justin,wilson,british,9,N/A,270ad4bc667fe5313081f07c50ee8328fdeeb295c7be18fbe13e81b6782ae4f5,kaggle_drivers,2026-05-15 08:49:13
52,52,firman,ralph,firman,irish,24,N/A,2a0b559f85cb052d709c73ba7e0f845dcf94ca62dde22057f93ef7349389defa,kaggle_drivers,2026-05-15 08:49:13
53,53,kiesa,nicolas,kiesa,danish,15,N/A,d55c4b52c49b89152ab349c87cb0bfdb261271df4b78cb1b69893c330973a4bc,kaggle_drivers,2026-05-15 08:49:13
54,54,burti,luciano,burti,brazilian,8,N/A,0130fe365057bcc97a81d5ec4eeb6d0c96428452ed8ebf1fca2357c72bab3985,kaggle_drivers,2026-05-15 08:49:13
55,55,alesi,jean,alesi,french,19,N/A,1e314cfd97e8cf963b6935c46ea52b1def0a52600335574e32da2311779ea436,kaggle_drivers,2026-05-15 08:49:13
56,56,irvine,eddie,irvine,british,9,N/A,dc282a0fba6d611992101a8c91f0399ce75fbc7faab051c2e4ad438360ea1dc2,kaggle_drivers,2026-05-15 08:49:13
57,57,hakkinen,mika,hakkinen,finnish,18,N/A,fa6264e4377eddebaa5f3a6201f8bff6aaad1dbddb94fe51587c1780e151bb94,kaggle_drivers,2026-05-15 08:49:13
58,58,marques,tarso,marques,brazilian,8,N/A,3f70f57fa04aefb27aa7a34f40e4e9a634159db63ead4ecf245500284a1317f9,kaggle_drivers,2026-05-15 08:49:13
59,59,bernoldi,enrique,bernoldi,brazilian,8,N/A,e839cfc8b50cf8cb08f12c3a394ea182c711cd0ffa8f36cdeb9c61f4f1312c79,kaggle_drivers,2026-05-15 08:49:13
60,60,mazzacane,gaston,mazzacane,argentine,2,N/A,946d98fb2bcdaba7f283a452232bff3248cdaffa0609129eb996cf2eb93cff10,kaggle_drivers,2026-05-15 08:49:13
61,61,enge,tomas,enge,czech,14,N/A,a72f6d672cd192dc1955b130f2bcab97c3403327f09ec7bd64d36421fe9e228a,kaggle_drivers,2026-05-15 08:49:13
62,62,yoong,alex,yoong,malaysian,28,N/A,f57b6a8130064ec787f6c3b8c20ab8a9acf706652e0786848f65d9cacf2f0e2d,kaggle_drivers,2026-05-15 08:49:13
63,63,salo,mika,salo,finnish,18,N/A,2f6bd00d57119d02f07cf89948783b804d6398f82bfe313f100baf5fb9a93ed8,kaggle_drivers,2026-05-15 08:49:13
64,64,diniz,pedro,diniz,brazilian,8,N/A,e4d59ca6429fe06f33e94b3c4251eed391e2bbd25103db7f706dc81020d87c6a,kaggle_drivers,2026-05-15 08:49:13
65,65,herbert,johnny,herbert,british,9,N/A,8fc00054ffd51b060232923c2ff0afd233ad296f5b9f91ad8edde511e1985fd1,kaggle_drivers,2026-05-15 08:49:13
66,66,mcnish,allan,mcnish,british,9,N/A,a326216b72f5a26fa5cb4deedaf4c48d1bae9ce772f45f081cd1e6dd3f006892,kaggle_drivers,2026-05-15 08:49:13
67,67,buemi,sebastien,buemi,swiss,39,BUE,baf171e905bf5fadacc40835d30b2177f498a93fe18f878181b08c0f3f1915d3,kaggle_drivers,2026-05-15 08:49:13
68,68,takagi,toranosuke,takagi,japanese,26,N/A,387765a10408c9dfd213cc93193641db774ef05c0b523b60f499a042c99a5eb4,kaggle_drivers,2026-05-15 08:49:13
69,69,badoer,luca,badoer,italian,25,BAD,7bf6ab3e9ed7fadb52bc88ddabb8a1880442716af91353f0ac728c0f2c86b0f6,kaggle_drivers,2026-05-15 08:49:13
70,70,zanardi,alessandro,zanardi,italian,25,N/A,a7854b50b7a0879ccbe2123ae4cd359817dd9671c8137254ebd746dfb6cebb05,kaggle_drivers,2026-05-15 08:49:13
71,71,damon_hill,damon,hill,british,9,N/A,1a36139450e69f56c796194c9704656da04daa4b71950e3bb70a14e08f9ab75b,kaggle_drivers,2026-05-15 08:49:13
72,72,sarrazin,stephane,sarrazin,french,19,N/A,43885e227404e8dd432779b692865f78bb4875762b33b0ea2032cf792f2778e0,kaggle_drivers,2026-05-15 08:49:13
73,73,rosset,ricardo,rosset,brazilian,8,N/A,57f48996bfda7c93cdea3a8994dd90373d11dcef5c8eff1f69bd7c3e5ed01cbb,kaggle_drivers,2026-05-15 08:49:13
74,74,tuero,esteban,tuero,argentine,2,N/A,c7296accba3d1949b78d3f57fac2b47f62888286f194d56d56d00366d54483f0,kaggle_drivers,2026-05-15 08:49:13
75,75,nakano,shinji,nakano,japanese,26,N/A,6e31dccf245cd4966ef7be24c16df182a27a88dbd2fc6d4edec9dc10d714cee5,kaggle_drivers,2026-05-15 08:49:13
76,76,magnussen,jan,magnussen,danish,15,MAG,d0c2b0eaca44d90b51c59fe5dddc0b85796a6d3432eda5b7af96541685e04c0e,kaggle_drivers,2026-05-15 08:49:13
77,77,berger,gerhard,berger,austrian,6,N/A,ec7c3f9cf74788dff5bca1f15bc276e6d3cf20dba388bcb3fae35c10c2a982cd,kaggle_drivers,2026-05-15 08:49:13
78,78,larini,nicola,larini,italian,25,N/A,54cbf2c5cef150c474c696ef86b2e92304d14737eba01656f73002dcb20391dc,kaggle_drivers,2026-05-15 08:49:13
79,79,katayama,ukyo,katayama,japanese,26,N/A,71f7ea2b13e78354e853615adfcd0e7975b05cbde6c9a0a6d8d3cb4e2ce1fd10,kaggle_drivers,2026-05-15 08:49:13
80,80,sospiri,vincenzo,sospiri,italian,25,N/A,7d4b9dea83c960df2e2341213bae5b03781960ba3fbbb5025ffa182714455b2f,kaggle_drivers,2026-05-15 08:49:13
81,81,morbidelli,gianni,morbidelli,italian,25,N/A,1b3003d48a23aa50d976ffe5b2a521608bd5b95f8a9e8016e01f04d4d59c9f28,kaggle_drivers,2026-05-15 08:49:13
82,82,fontana,norberto,fontana,argentine,2,N/A,af9950ab2e74693a8b0f36116f70ec0b1b6a494ed0bf2adcef16871765ccf1af,kaggle_drivers,2026-05-15 08:49:13
83,83,lamy,pedro,lamy,portuguese,33,N/A,24aaf972b6fe8e650d083454acd2697ace4e8b122ca31f90ab1c441e03f762b0,kaggle_drivers,2026-05-15 08:49:13
84,84,brundle,martin,brundle,british,9,N/A,b5cb9510fbedb2f487a918f87da24a112dcdcc512cfee08aacd01131713d417c,kaggle_drivers,2026-05-15 08:49:13
85,85,montermini,andrea,montermini,italian,25,N/A,53c2fab5b4cde5264cda63d7f5414bb8b104d315d9bc9028df78bed210b43e73,kaggle_drivers,2026-05-15 08:49:13
86,86,lavaggi,giovanni,lavaggi,italian,25,N/A,f72382334f79d2e204964a8c8c857c1983d572737cfca78bd8e654b960d9b552,kaggle_drivers,2026-05-15 08:49:13
87,87,blundell,mark,blundell,british,9,N/A,5367469ad771b0ac636adcb939e7afa596d11266eb22430e9705b27466aee7a6,kaggle_drivers,2026-05-15 08:49:13
88,88,suzuki,aguri,suzuki,japanese,26,N/A,257442d550cf1711fb47bfa8ea336f5141d5e2f4d52bc57a630c0a0d2b164b90,kaggle_drivers,2026-05-15 08:49:13
89,89,inoue,taki,inoue,japanese,26,N/A,9708a860ca16f6d1fb67dca0c7af99b461a489fe9dc8807227414ae3e7685e4a,kaggle_drivers,2026-05-15 08:49:13
90,90,moreno,roberto,moreno,brazilian,8,N/A,c4b44e36b6c973329d4522ad9974186738cd9deb5832101091148c6b9abd0ca2,kaggle_drivers,2026-05-15 08:49:13
91,91,wendlinger,karl,wendlinger,austrian,6,N/A,de59646a11a1b3f8445fbeed99d654fe3fea218d65073e26273c2b86142b79a1,kaggle_drivers,2026-05-15 08:49:13
92,92,gachot,bertrand,gachot,belgian,7,N/A,05dbc2131d82d966e3875fe3458fb21106665ad316170a0b4087e00008283e9e,kaggle_drivers,2026-05-15 08:49:13
93,93,schiattarella,domenico,schiattarella,italian,25,N/A,e3e81b25a1cc7087dbfdc5e7682aac59814eec3ec236b113d6bf59cae00f088f,kaggle_drivers,2026-05-15 08:49:13
94,94,martini,pierluigi,martini,italian,25,N/A,1b4e13f8989f953a5b4e88f89b85caf9a5e7f147912661c5eb8787402abc9371,kaggle_drivers,2026-05-15 08:49:13
95,95,mansell,nigel,mansell,british,9,N/A,c94e5756cc2d5699b41a942c8e356c711a63aed0f38a239d03a85f3c8a575c25,kaggle_drivers,2026-05-15 08:49:13
96,96,boullion,jean-christophe,boullion,french,19,N/A,14eef41768e0526719893255c5aaf9a86f9718e0e7e2fb366612ebd22df42fa3,kaggle_drivers,2026-05-15 08:49:13
97,97,papis,massimiliano,papis,italian,25,N/A,64ba4983f83b5edecfe00f6f9e91ff5f204f0ac0d66d77e7e52845abed8cca13,kaggle_drivers,2026-05-15 08:49:13
98,98,deletraz,jean-denis,deletraz,swiss,39,N/A,4c505b09207a736541ba698b1f7a60cc2c6417c4670cde6989d82584dc394e96,kaggle_drivers,2026-05-15 08:49:13
99,99,tarquini,gabriele,tarquini,italian,25,N/A,17aad51f02d279bf2b0ca746b1a08482d2c308fb8d1eb234bd2d652091905e86,kaggle_drivers,2026-05-15 08:49:13
100,100,comas,erik,comas,french,19,N/A,969a844a708c3d18328cb70d0abe8875bfe29e85d20747d5b7fe1f5dddfd1486,kaggle_drivers,2026-05-15 08:49:13
101,101,brabham,david,brabham,australian,5,N/A,d7a6f23f7759b790930a5a225dbfedbe5ea57fd09e284cad0afa17c825839971,kaggle_drivers,2026-05-15 08:49:13
102,102,senna,ayrton,senna,brazilian,8,N/A,4b03881e56d6e970a56e334917ad440fef7e28341a079cb5f436cc28e6d0e32a,kaggle_drivers,2026-05-15 08:49:13
103,103,bernard,eric,bernard,french,19,N/A,d6008ef0cb5cf35ab427559ea7a6a6153de4f09fba1e91c59859782770a68cd1,kaggle_drivers,2026-05-15 08:49:13
104,104,fittipaldi,christian,fittipaldi,brazilian,8,N/A,9e636f1d7d9f23e056b321800c0670afa4872789d75de15b95f78e4488b10bf4,kaggle_drivers,2026-05-15 08:49:13
105,105,alboreto,michele,alboreto,italian,25,N/A,38097aab4d91e5f19dd7d3c5ae542f3d5763df6dde5963eea10b3eff0e603775,kaggle_drivers,2026-05-15 08:49:13
106,106,beretta,olivier,beretta,monegasque,30,N/A,f0f8b8c3fc1294ac572e22ddb85be4db6e7f9cf25284f33e57dbc542811f11cc,kaggle_drivers,2026-05-15 08:49:13
107,107,ratzenberger,roland,ratzenberger,austrian,6,N/A,894404201f023de7da9745c09b6fd0c11958c9038c4b9525ad2d4d6b52ce2ff8,kaggle_drivers,2026-05-15 08:49:13
108,108,belmondo,paul,belmondo,french,19,N/A,710fdc394e70d5c93abc5658b1aa7b1e858a1d0d792b48c7cb0792e95e1ea2e9,kaggle_drivers,2026-05-15 08:49:13
109,109,lehto,jyrki,jarvilehto,finnish,18,N/A,d9ef0bb18283d5faa04023ec3b3f4a01dfc330e958232a724b19a52af333c9ae,kaggle_drivers,2026-05-15 08:49:13
110,110,cesaris,andrea,de cesaris,italian,25,N/A,b6f181d961007f83887c41e5d6dc15c967575d2a438672b1422b619f5b45fa76,kaggle_drivers,2026-05-15 08:49:13
111,111,gounon,jean-marc,gounon,french,19,N/A,9df39f78ff2dd7764c997c6f92113f1d7ade4abf488ff6d3d5dc217f4063e3c9,kaggle_drivers,2026-05-15 08:49:13
112,112,alliot,philippe,alliot,french,19,N/A,2869368609c906a38cf0ae7a62c031c21c5af8d6964a3c1d74e99f4dba97e622,kaggle_drivers,2026-05-15 08:49:13
113,113,adams,philippe,adams,belgian,7,N/A,200b4a1b93618c742f13b18fcf469557da06d0ed74543c05c19a8c0948193503,kaggle_drivers,2026-05-15 08:49:13
114,114,dalmas,yannick,dalmas,french,19,N/A,f56abfe62ff586ac42534955b97718c7847415487cd56b4b1f9b75aba1e0a4b6,kaggle_drivers,2026-05-15 08:49:13
115,115,noda,hideki,noda,japanese,26,N/A,e4cf9f2f9981dca77fc40bb11cfbdc15cbf3f4a9d61558cccc69299a7f2f7af0,kaggle_drivers,2026-05-15 08:49:13
116,116,lagorce,franck,lagorce,french,19,N/A,d1aabd5f6a865af65e2537b41f7def100c474e87884c0b691bdf386ce6c450a4,kaggle_drivers,2026-05-15 08:49:13
117,117,prost,alain,prost,french,19,N/A,348e6ee47837c0b7a7cfbbd6ed1ab26026e30daca52bc9a2d23af59bfea88608,kaggle_drivers,2026-05-15 08:49:13
118,118,warwick,derek,warwick,british,9,N/A,3c440fa03c711b9a5a3f48d6a31f9dbb7e4f47ac553838fbc1f621d7702b2b0d,kaggle_drivers,2026-05-15 08:49:13
119,119,patrese,riccardo,patrese,italian,25,N/A,390da502b885ad69b2bce51a41f050ff4636016ed907b65555429c825d3d79dd,kaggle_drivers,2026-05-15 08:49:13
120,120,barbazza,fabrizio,barbazza,italian,25,N/A,62e6c09d443a99eaf9dac28b86bc7f066438566bb0291a299e2df1f3cba138b1,kaggle_drivers,2026-05-15 08:49:13
121,121,andretti,michael,andretti,american,0,N/A,0b0b383ef106fea0470a4c765eef341acb42e73b85af418873fdd08dc34d60ab,kaggle_drivers,2026-05-15 08:49:13
122,122,capelli,ivan,capelli,italian,25,N/A,ba867b4c062d9a8da7c0ac19df12b28cb301408e1d337699daaa3364b4d1e9ed,kaggle_drivers,2026-05-15 08:49:13
123,123,boutsen,thierry,boutsen,belgian,7,N/A,5f8f1c59d3f2406583f2e4f4978776b01fddcc76dc4af7f729d005984ae1952c,kaggle_drivers,2026-05-15 08:49:13
124,124,apicella,marco,apicella,italian,25,N/A,7d9048765ce0b5963108262d0ff0df7ff037347c00361dc700069b3eaa02dcb6,kaggle_drivers,2026-05-15 08:49:13
125,125,naspetti,emanuele,naspetti,italian,25,N/A,a38e624e1450d9c9629fd643a8121d6e9f7a852378cf68d90f374f13471b4f37,kaggle_drivers,2026-05-15 08:49:13
126,126,toshio_suzuki,toshio,suzuki,japanese,26,N/A,ff806f1dc8e91e449f9bf7480647eb15567e1a692651a91336d26b30101fc01d,kaggle_drivers,2026-05-15 08:49:13
127,127,gugelmin,mauricio,gugelmin,brazilian,8,N/A,8bee85ef8e5db5d9764528ccc3894bb396fde474aa1ed2461917e4e907da5843,kaggle_drivers,2026-05-15 08:49:13
128,128,poele,eric,van de poele,belgian,7,N/A,eb4920121bbd79822cb65fa832d84802f7397028ad24418cacbaa52accd32796,kaggle_drivers,2026-05-15 08:49:13
129,129,grouillard,olivier,grouillard,french,19,N/A,dec4c3730e6fb64dd21d568bf99fadef6d7c9eb4a119f0a1c57d0fde2b38d0ca,kaggle_drivers,2026-05-15 08:49:13
130,130,chiesa,andrea,chiesa,swiss,39,N/A,46f30f11709eebc8f72f3c12dee75e2eeacc0443d441ff96569aad9f3bc10650,kaggle_drivers,2026-05-15 08:49:13
131,131,modena,stefano,modena,italian,25,N/A,13dcc489d8ec8960d12d1ef85ff6acffd574a3c2c749d0b84bad5130a8e5a67a,kaggle_drivers,2026-05-15 08:49:13
132,132,amati,giovanna,amati,italian,25,N/A,7e3b25c34f382c3ef82eb6b7dbac5af52583fd5664eba9fdc8aaaf440decd48c,kaggle_drivers,2026-05-15 08:49:13
133,133,caffi,alex,caffi,italian,25,N/A,1edae9110fa33b909a90555ff9aa4d1660a992cb3beab007f8ac90b3fa9fe1b8,kaggle_drivers,2026-05-15 08:49:13
134,134,bertaggia,enrico,bertaggia,italian,25,N/A,15decc2fc7ed0bca3e7b68415964428fc675fe9f906c58697de3d25d3c65c0d7,kaggle_drivers,2026-05-15 08:49:13
135,135,mccarthy,perry,mccarthy,british,9,N/A,746c3f51aa7a323996ceb276f804fe292c0b7b31e594da3907a3e296a97140e5,kaggle_drivers,2026-05-15 08:49:13
136,136,lammers,jan,lammers,dutch,16,N/A,146e146a0448d4a13e39043362c81d9442c13b5b7dce107dddf3833043ae2de6,kaggle_drivers,2026-05-15 08:49:13
137,137,piquet,nelson,piquet,brazilian,8,N/A,d2884bde5bbaab7d38ef05b906f49f84de13eed2c7ccf66a8afce07735a90cd1,kaggle_drivers,2026-05-15 08:49:13
138,138,satoru_nakajima,satoru,nakajima,japanese,26,N/A,45cc121d8e6890aca691747f8e7590907e87692f0e0457797bf3e424a3460ca4,kaggle_drivers,2026-05-15 08:49:13
139,139,pirro,emanuele,pirro,italian,25,N/A,a30e32a5c5a740671bac679a15e198f691df00bc8e25c34ddb49b2b4fa2ab314,kaggle_drivers,2026-05-15 08:49:13
140,140,johansson,stefan,johansson,swedish,38,N/A,ce12c39c8cd919320bd59187001e97d12301c2c69a94c2fe0cce12ca0202e1f0,kaggle_drivers,2026-05-15 08:49:13
141,141,bailey,julian,bailey,british,9,N/A,16463fd076da98b5ad093487e088ac825561b57e608dd01a54cd5bc7d3b4c798,kaggle_drivers,2026-05-15 08:49:13
142,142,chaves,pedro,chaves,portuguese,33,N/A,0fe75bd8d47c458037c068ea0cd4e86e8df85c91ea4f905c79e6f8b7f9c55427,kaggle_drivers,2026-05-15 08:49:13
143,143,bartels,michael,bartels,german,20,N/A,ae7f53a2e4877094b6d6f2d04c401a7f95c0af1d015a536f2e9ed87e071d0ecc,kaggle_drivers,2026-05-15 08:49:13
144,144,hattori,naoki,hattori,japanese,26,N/A,bb1eb3c9047fd95de642c88b479c3ab4800f7df159714e110f6ee9432c99d6a0,kaggle_drivers,2026-05-15 08:49:13
145,145,nannini,alessandro,nannini,italian,25,N/A,c422603edddff9e6a545204e2161944fbbb231f7ec68dd4c9deee71cf70fca6f,kaggle_drivers,2026-05-15 08:49:13
146,146,schneider,bernd,schneider,german,20,N/A,e6f3a37959f1bbba1e3544500611c2e8c4b553c6b984b38d9712e03b63ae668d,kaggle_drivers,2026-05-15 08:49:13
147,147,barilla,paolo,barilla,italian,25,N/A,d35847b0c49f01b9918d2de39360601736fdbb91d67e54e956c92248004784d6,kaggle_drivers,2026-05-15 08:49:13
148,148,foitek,gregor,foitek,swiss,39,N/A,f2acd51e96925ebb18e44a21bdbed4c6140b5715a656593bf831d5093ceb3165,kaggle_drivers,2026-05-15 08:49:13
149,149,langes,claudio,langes,italian,25,N/A,c1ca75bfe74f2415e59c3a796646b84bec6f1cb07ebe9c4859b2862c4bafeee4,kaggle_drivers,2026-05-15 08:49:13
150,150,gary_brabham,gary,brabham,australian,5,N/A,13becf6e677d9f587d416fd7ec9fef96f0df5fea8ce5c4b6888d86e62603989f,kaggle_drivers,2026-05-15 08:49:13
151,151,donnelly,martin,donnelly,british,9,N/A,a07397dd2c306246410fc074cdd636870e9c26801da15101d3471b1064b4375a,kaggle_drivers,2026-05-15 08:49:13
152,152,giacomelli,bruno,giacomelli,italian,25,N/A,54b01c79232f49befa64e379a94b39e5e013e38b172a92803bbd17278e6848d0,kaggle_drivers,2026-05-15 08:49:13
153,153,alguersuari,jaime,alguersuari,spanish,37,ALG,80e8378add89853b1996e2c05ff8431c7790b6d7bf22f3d32377b7da5e4e4252,kaggle_drivers,2026-05-15 08:49:13
154,154,grosjean,romain,grosjean,french,19,GRO,0cafb70f04da12b2bb21000a6ae742a53e345e9d570f7a6fca9fdb35749ddcfe,kaggle_drivers,2026-05-15 08:49:13
155,155,kobayashi,kamui,kobayashi,japanese,26,KOB,f61021a377dd1480a0d4c05039afd1d4e958e793ba06250ddbf007f7d8f7eb0a,kaggle_drivers,2026-05-15 08:49:13
156,156,palmer,jonathan,palmer,british,9,N/A,dd4aecdbad535a9f6fb82e111b6f150b6ffecdea5fb0cfc8a577fef87921a84f,kaggle_drivers,2026-05-15 08:49:13
157,157,danner,christian,danner,german,20,N/A,a65348375cbd6e272661572cdb6d8b4d840c58bd941ab893dea33117ed2b662d,kaggle_drivers,2026-05-15 08:49:13
158,158,cheever,eddie,cheever,american,0,N/A,d9e48ef3528da0840e17ec96df6925a96aa0f73e85a466871ed102a9c0508760,kaggle_drivers,2026-05-15 08:49:13
159,159,sala,luis,perez-sala,spanish,37,N/A,989fbe1f94a005385c8de45bb5b906fb32bd965f0fd4e10a4e7a6fda919a9591,kaggle_drivers,2026-05-15 08:49:13
160,160,ghinzani,piercarlo,ghinzani,italian,25,N/A,7fab1fc430f31205e9b7d5b47001d9857d54de109b8d2f3593f59501c03c052c,kaggle_drivers,2026-05-15 08:49:13
161,161,weidler,volker,weidler,german,20,N/A,72c2d3452e796f29fd2a31c49c5a613e6a510b2396697b6b6f4c3663e9426bec,kaggle_drivers,2026-05-15 08:49:13
162,162,raphanel,pierre-henri,raphanel,french,19,N/A,afced761e33a4892edcd9ca237e788f4037cf6b999188330aff5c568aec62cde,kaggle_drivers,2026-05-15 08:49:13
163,163,arnoux,rene,arnoux,french,19,N/A,3de2f3df63771b109d2e16ad3c7d1210e50f49ed3f497103f9c3d10c6b4fc20e,kaggle_drivers,2026-05-15 08:49:13
164,164,joachim_winkelhock,joachim,winkelhock,german,20,N/A,3a3009c485eb9da20fdd49c3b1d9ffad1c835af095b22e6e8d07476c647c690d,kaggle_drivers,2026-05-15 08:49:13
165,165,larrauri,oscar,larrauri,argentine,2,N/A,c2ad92b57c440521c69653e092f11cd0dbe4137b016079214220bfda21d800c6,kaggle_drivers,2026-05-15 08:49:13
166,166,streiff,philippe,streiff,french,19,N/A,4160d8263643368b3a3df68da7e617c227e701dc52ad5f062fdfebf7e7e64bac,kaggle_drivers,2026-05-15 08:49:13
167,167,campos,adrian,campos,spanish,37,N/A,ba8f10920db6bb3bf46d61229f197fe1f7d6df992e3fa4bd32eb8e6a840a86d6,kaggle_drivers,2026-05-15 08:49:13
168,168,schlesser,jean-louis,schlesser,french,19,N/A,83e65d7cdc449e28fa6376a9effcd10b0c77f43f435c25aed5a5df9c49a70003,kaggle_drivers,2026-05-15 08:49:13
169,169,fabre,pascal,fabre,french,19,N/A,202c718f46b840c4c17c8e8ddaf109b00afcd16c1276d60bca4c6a96d911b611,kaggle_drivers,2026-05-15 08:49:13
170,170,fabi,teo,fabi,italian,25,N/A,dc5ac74a4828b04282bb4e0d5059d2629338c3d37a1bd077c90397284bf97604,kaggle_drivers,2026-05-15 08:49:13
171,171,forini,franco,forini,swiss,39,N/A,38daedb219c85f58a1eed222f9b5ef0a53ddd6e569ecb267bde4e83d4d68dc07,kaggle_drivers,2026-05-15 08:49:13
172,172,laffite,jacques,laffite,french,19,N/A,0c2de5742ac14e6c7a960f468604c589a74f4ae715d0d723c3dab1fc3d8dc9dc,kaggle_drivers,2026-05-15 08:49:13
173,173,angelis,elio,de angelis,italian,25,N/A,2523a51e84293d2dfa99eb1c7e6bea5bbd227c1b045e9588226615c4a29252d3,kaggle_drivers,2026-05-15 08:49:13
174,174,dumfries,johnny,dumfries,british,9,N/A,b466346c00b76cf2c008cf688b102e3dba6e338227e68c657c707f4794ecfe22,kaggle_drivers,2026-05-15 08:49:13
175,175,tambay,patrick,tambay,french,19,N/A,fa31efc2e47b21399ffbd1e2bfe550fb68cab6a95f637e8e2b2b6dc0dffd0c83,kaggle_drivers,2026-05-15 08:49:13
176,176,surer,marc,surer,swiss,39,N/A,e7672ed98f37372205ea15cb369eb6a699952d6b22e5bf78ea8bafe4cbcd282a,kaggle_drivers,2026-05-15 08:49:13
177,177,keke_rosberg,keke,rosberg,finnish,18,N/A,afd8085e7f7adb05e7ada4f80b01b1313265541612155f4ea9b77fc5191bb1a2,kaggle_drivers,2026-05-15 08:49:13
178,178,jones,alan,jones,australian,5,N/A,745a32cba13a2cc7b5d24eb30f707eb5be941e4681c62c210b0a963134406177,kaggle_drivers,2026-05-15 08:49:13
179,179,rothengatter,huub,rothengatter,dutch,16,N/A,d65abfb32c32992b2cbaf7f38b7b8d08dcb6cb70ef6d64741e96761f7867e55a,kaggle_drivers,2026-05-15 08:49:13
180,180,berg,allen,berg,canadian,10,N/A,0a5153be7026ea93c08639d80283f29307ee2317b4e200ffd486e02089d1ae69,kaggle_drivers,2026-05-15 08:49:13
181,181,manfred_winkelhock,manfred,winkelhock,german,20,N/A,465c73913a49cea9f7bc2baebb5d99da9930324c4d45f7dd18a613c4be5578b9,kaggle_drivers,2026-05-15 08:49:13
182,182,lauda,niki,lauda,austrian,6,N/A,3f213a28108c92f9dee6bc87014823ff619d595bc29d59002d96bdf963054497,kaggle_drivers,2026-05-15 08:49:13
183,183,hesnault,francois,hesnault,french,19,N/A,234c453d893e02211f46253cec91fc5297484a8d72ceb4cc73f9347b5d39635f,kaggle_drivers,2026-05-15 08:49:13
184,184,baldi,mauro,baldi,italian,25,N/A,f70e1a07903eb557e5433d4fbccfa361d9d47557643aed284e9af4b746a6d587,kaggle_drivers,2026-05-15 08:49:13
185,185,bellof,stefan,bellof,german,20,N/A,a635e9c624b5f96dd9abce1bdb825269a811b398fb0f7b63e0ddf7ca4c9c449d,kaggle_drivers,2026-05-15 08:49:13
186,186,acheson,kenny,acheson,british,9,N/A,457ba37f27b138a1b5f1349fcd7e3aec4f2d645ca3f0961e397a696d71f5111e,kaggle_drivers,2026-05-15 08:49:13
187,187,watson,john,watson,british,9,N/A,65bd1073a837358aad11d72cf38535055501d4bccacdb743f12b017511a7999c,kaggle_drivers,2026-05-15 08:49:13
188,188,cecotto,johnny,cecotto,venezuelan,42,N/A,f819842602d9aac818f35a180c8d32635f2ec782db41ecb55ab54bfd24af0505,kaggle_drivers,2026-05-15 08:49:13
189,189,gartner,jo,gartner,austrian,6,N/A,a258f28034fa8b246f595e1ff2473f771e0df83a5c79b3bf408d2095e58dd770,kaggle_drivers,2026-05-15 08:49:13
190,190,corrado_fabi,corrado,fabi,italian,25,N/A,0f390ce1a4819d7e0d2d6548fb52c24d346d64a5c12586fcfd76ec2f00b2bae1,kaggle_drivers,2026-05-15 08:49:13
191,191,thackwell,mike,thackwell,new zealander,31,N/A,3509eecb70adda91236ab93b4083cd07e2607835db3fe93bbbc89b01f3c7d702,kaggle_drivers,2026-05-15 08:49:13
192,192,serra,chico,serra,brazilian,8,N/A,13f8246c98ef07424623b6ad4c7590b4e1cebd122a2eaa1569f78369ff1399c8,kaggle_drivers,2026-05-15 08:49:13
193,193,sullivan,danny,sullivan,american,0,N/A,f0f821d0bf534011aa1de045e86107ef071b27c09365455d785109484833049e,kaggle_drivers,2026-05-15 08:49:13
194,194,salazar,eliseo,salazar,chilean,11,N/A,8d33a7a0a372046b23a67db1e348e84194842beaf81f4395678177dd7eca6da6,kaggle_drivers,2026-05-15 08:49:13
195,195,guerrero,roberto,guerrero,colombian,13,N/A,d1a8d44f75a46f3e3408e24e4af1d8437dd2e2a9daf8771c0afeeda5cea0ca4a,kaggle_drivers,2026-05-15 08:49:13
196,196,boesel,raul,boesel,brazilian,8,N/A,3ef8deaad474989a9356174c956e4014328fa6a0a1d38106491e8a1d7ea8f603,kaggle_drivers,2026-05-15 08:49:13
197,197,jarier,jean-pierre,jarier,french,19,N/A,2a7cf44744d4b54a6c39158bdfaa54160600214f3fae08a668a50daf07681396,kaggle_drivers,2026-05-15 08:49:13
198,198,villeneuve_sr,jacques,villeneuve sr.,canadian,10,N/A,c39e294985706f285224cdd50e92ac262d6f10769c4d23ad71e4d1f66ef753f5,kaggle_drivers,2026-05-15 08:49:13
199,199,reutemann,carlos,reutemann,argentine,2,N/A,0a3c47a68d1efd0ec7aa36884c7e9c41dd98e8e96b30ced15cc921922e5468ec,kaggle_drivers,2026-05-15 08:49:13
200,200,mass,jochen,mass,german,20,N/A,cc255c55820044472bf49dd3082af4f661f15c50287130ad6e6bbea520c70153,kaggle_drivers,2026-05-15 08:49:13
201,201,borgudd,slim,borgudd,swedish,38,N/A,a159dccc2c4b633406395a12b9bf3e1d8763794241e201608a4acf056a491cb4,kaggle_drivers,2026-05-15 08:49:13
202,202,pironi,didier,pironi,french,19,N/A,e7fb80635d063a8f27bea18f2631441cd8ecb362bd377168149baa36032c0bc6,kaggle_drivers,2026-05-15 08:49:13
203,203,gilles_villeneuve,gilles,villeneuve,canadian,10,N/A,d59fea9ba393086047c53dade5a257052cadb4b399aa4468780fc3e58136e047,kaggle_drivers,2026-05-15 08:49:13
204,204,paletti,riccardo,paletti,italian,25,N/A,43cd6588f8df735487aedc7849c1488d071528ade0403c778477ad5e605598e6,kaggle_drivers,2026-05-15 08:49:13
205,205,henton,brian,henton,british,9,N/A,31a3bec1a3f211ab4b3005a1e646029f78fffcc28bbbf67676c97ccfb26960c4,kaggle_drivers,2026-05-15 08:49:13
206,206,daly,derek,daly,irish,24,N/A,4915314eb59d6492a8694df98e3b3c0bc6ad3bde833d9f99472c879c0ba6f4c5,kaggle_drivers,2026-05-15 08:49:13
207,207,mario_andretti,mario,andretti,american,0,N/A,601d5268cc904791c751bf62681d0abaf82d26510d4db832808a1b994f0dc4f5,kaggle_drivers,2026-05-15 08:49:13
208,208,villota,emilio,de villota,spanish,37,N/A,1b26e3f8944f9002b135b387ad8c37b0851404edc4a7b0eaaa62a017cb2e93b4,kaggle_drivers,2026-05-15 08:49:13
209,209,lees,geoff,lees,british,9,N/A,63b273260d9a6533f57793255372f32276215a8b185e410b2d5b6edaac8a143f,kaggle_drivers,2026-05-15 08:49:13
210,210,byrne,tommy,byrne,irish,24,N/A,6bfec017b88d47148b1bc259024c068352657920ab749c5625a76e2b5173742e,kaggle_drivers,2026-05-15 08:49:13
211,211,keegan,rupert,keegan,british,9,N/A,dad67bf262b2692b92364c4a110afc6553b28349c86b339f6bea3e0316890659,kaggle_drivers,2026-05-15 08:49:13
212,212,rebaque,hector,rebaque,mexican,29,N/A,79fb94386f94e0f235f2e61c0b43151bd99ff93a10f7e0e3fcf6acb4f92df6fb,kaggle_drivers,2026-05-15 08:49:13
213,213,gabbiani,beppe,gabbiani,italian,25,N/A,7b1fa8f9c79fbf75c430de8afd4241aaec4d641d3ea9ff0f3222db9b2fbfcf76,kaggle_drivers,2026-05-15 08:49:13
214,214,cogan,kevin,cogan,american,0,N/A,370918c67c247a0f9ba172b6602a6772ff2d36e6c1f92b44fa934ef8e094b293,kaggle_drivers,2026-05-15 08:49:13
215,215,guerra,miguel angel,guerra,argentine,2,N/A,69492e1d31a1a626f3cbc4eb12b129878f2558cacad446cb9f12af88e549bd9e,kaggle_drivers,2026-05-15 08:49:13
216,216,stohr,siegfried,stohr,italian,25,N/A,92a61e4cc8235ad344e0a7cf9c0b1da00ab819108841e4961c705d6eca70514e,kaggle_drivers,2026-05-15 08:49:13
217,217,zunino,ricardo,zunino,argentine,2,N/A,4534dd3b27a561ced899ba9bc160dd72ef07da23ac3665b2dd10c81a227c4695,kaggle_drivers,2026-05-15 08:49:13
218,218,londono,ricardo,londono,colombian,13,N/A,6dad3a6d77afdc4544688de5e5289250fe98fcf4f6342c24e187b67e2b9b6195,kaggle_drivers,2026-05-15 08:49:13
219,219,jabouille,jean-pierre,jabouille,french,19,N/A,3a94108148624a29317adfbd625969d4eb31d2f82f9c054431baf6afa4d4ee90,kaggle_drivers,2026-05-15 08:49:13
220,220,francia,giorgio,francia,italian,25,N/A,4a37aa5995a7d75e92ea2008c5fe9f304a027ffe54f73e2840bf5cc740e48b34,kaggle_drivers,2026-05-15 08:49:13
221,221,depailler,patrick,depailler,french,19,N/A,20b4470f9d2190b145db925e4f9dc28bbbae83b223942969ba11eccb9e146a7e,kaggle_drivers,2026-05-15 08:49:13
222,222,scheckter,jody,scheckter,south african,36,N/A,d465df28f5f7cb150c23cb9bec072fa3a4c2e88caef52ca2feb5233ff9c05fe0,kaggle_drivers,2026-05-15 08:49:13
223,223,regazzoni,clay,regazzoni,swiss,39,N/A,0f6b1b83e90548fc4f449d3138204ec315781d90029d91ab3476025875524dce,kaggle_drivers,2026-05-15 08:49:13
224,224,emerson_fittipaldi,emerson,fittipaldi,brazilian,8,N/A,67dd5382f1103eee6fd3a12b2ea03f2748c32aab81ed4d67af960b80f032f096,kaggle_drivers,2026-05-15 08:49:13
225,225,kennedy,dave,kennedy,irish,24,N/A,1558d802542412f5abd1d14c373db9ea1e075153d8f0a76406e234da8cc9287b,kaggle_drivers,2026-05-15 08:49:13
226,226,south,stephen,south,british,9,N/A,33e33fb86c94208d6f122d78e16059a34a4cedbf800c529596c299f1bd3975e4,kaggle_drivers,2026-05-15 08:49:13
227,227,needell,tiff,needell,british,9,N/A,fc8b350ea71ee4b08da669d137395e43cd2794cf771b8d655b94d29a49c7248b,kaggle_drivers,2026-05-15 08:49:13
228,228,desire_wilson,desire,wilson,south african,36,N/A,c4eb7db6f46d547267fb6b1680b69f509a06247115597e978cad12b052a2a15d,kaggle_drivers,2026-05-15 08:49:13
229,229,ertl,harald,ertl,austrian,6,N/A,3265222b991cdfac509588a0febe7c04582112446d4d5fe4fdae184ae8adc829,kaggle_drivers,2026-05-15 08:49:13
230,230,brambilla,vittorio,brambilla,italian,25,N/A,90e508973cf5064b8a4926043b35d3dadbe8343242aae5ca657f9dced2edaaec,kaggle_drivers,2026-05-15 08:49:13
231,231,hunt,james,hunt,british,9,N/A,55e9a7d3596a5ccca00df0b621faa138cef8453afaf42930d5f2dc9a6e6b76be,kaggle_drivers,2026-05-15 08:49:13
232,232,merzario,arturo,merzario,italian,25,N/A,4c6d5008dca8e559c0ede03d4442bc7d4c23de3fa31b8e2849327e1e70b18691,kaggle_drivers,2026-05-15 08:49:13
233,233,stuck,hans-joachim,stuck,german,20,N/A,5f2f98db7a914b4cc32f718029fb2df78e521fab84d5c88fd3857b8725c86f67,kaggle_drivers,2026-05-15 08:49:13
234,234,brancatelli,gianfranco,brancatelli,italian,25,N/A,d59fea9ba393086047c53dade5a257052cadb4b399aa4468780fc3e58136e047,kaggle_drivers,2026-05-15 08:49:13
235,235,ickx,jacky,ickx,belgian,7,N/A,4cf4d261b07de6d3a6a4b23b558927f9df4877ba7ab704cbd97b2fee4a8425af,kaggle_drivers,2026-05-15 08:49:13
236,236,gaillard,patrick,gaillard,french,19,N/A,e5116d0d5be2e72881a2efdbeeebdbfde0c8bfca24780b1c78f4c9c7c48ea00e,kaggle_drivers,2026-05-15 08:49:13
237,237,ribeiro,alex,ribeiro,brazilian,8,N/A,601496d81f8000b51dc8813195a2dd54ff8da9a68da1fdecf3132cad4ecc4688,kaggle_drivers,2026-05-15 08:49:13
238,238,peterson,ronnie,peterson,swedish,38,N/A,475759f2043358da0e4baf454393fd74b75ac2f077c5250b6c939638a9c2055c,kaggle_drivers,2026-05-15 08:49:13
239,239,lunger,brett,lunger,american,0,N/A,bbd3b1d2c1ac764e6146fc4c05f184bc5c4d5ff8b3f15a9f5c3a09e4e94100db,kaggle_drivers,2026-05-15 08:49:13
240,240,ongais,danny,ongais,american,0,N/A,0c68bc844d6834b549794c75720503d1aa38d0e18b78bfb45f3338b2a2ea1cea,kaggle_drivers,2026-05-15 08:49:13
241,241,leoni,lamberto,leoni,italian,25,N/A,c8e3e78af2331c0ea28a230d05d843d14fc746c8d4e29d45eea861892b4f43c3,kaggle_drivers,2026-05-15 08:49:13
242,242,galica,divina,galica,british,9,N/A,428b0429e237b306b35d553128b9cbec387cb09c22481b6c93ea59aefcb2a23c,kaggle_drivers,2026-05-15 08:49:13
243,243,stommelen,rolf,stommelen,german,20,N/A,301ccc39e43104dbd27119fc2e4a1723a2f3abe12510b2ee365bab5df5b4514e,kaggle_drivers,2026-05-15 08:49:13
244,244,colombo,alberto,colombo,italian,25,N/A,ecf59b5b4203e7825de5c2f2c48a430b8718f50025177ca194cb93dcfb32a630,kaggle_drivers,2026-05-15 08:49:13
245,245,trimmer,tony,trimmer,british,9,N/A,940cec458b2b781a3599167548912c6938744d944cbf9dddd4085a2be3d85287,kaggle_drivers,2026-05-15 08:49:13
246,246,binder,hans,binder,austrian,6,N/A,502ab87dc6aab9d9a9a68b11d50683530d81d5c4fb6b97ab96cd1c1ba0590ab2,kaggle_drivers,2026-05-15 08:49:13
247,247,bleekemolen,michael,bleekemolen,dutch,16,N/A,4533b5d2e7a861c06ce40a5ac5b24de618286461504a6a0a53b9a10eb4f5b9fa,kaggle_drivers,2026-05-15 08:49:13
248,248,gimax,carlo,franchi,italian,25,N/A,c41a6b81c328a58f22423928d898a6173492b6724e195ecb4c1c1de99cd83070,kaggle_drivers,2026-05-15 08:49:13
249,249,rahal,bobby,rahal,american,0,N/A,a037fdde90b58018e2cfd2bd63fdb43d3afcad9c5658715290a2b6e7241b12de,kaggle_drivers,2026-05-15 08:49:13
250,250,pace,carlos,pace,brazilian,8,N/A,19d713a9bd8cfef2d604b935255c7fb325c0101bac3859a36fd486f0ae3c6c81,kaggle_drivers,2026-05-15 08:49:13
251,251,ian_scheckter,ian,scheckter,south african,36,N/A,70c9222a6cb66e02b4b3539d37d9b5d27fd377433b0259fa7cc384a23c300c86,kaggle_drivers,2026-05-15 08:49:13
252,252,pryce,tom,pryce,british,9,N/A,5d3f0b9a64c3bab40ba3ba105f1925686ab8738775466b82a2bb8f11f55a877b,kaggle_drivers,2026-05-15 08:49:13
253,253,hoffmann,ingo,hoffmann,brazilian,8,N/A,d414a9e54c06a4a5e57372e0cde4b26f54345c66f38bd0972476be739f1a8fcb,kaggle_drivers,2026-05-15 08:49:13
254,254,zorzi,renzo,zorzi,italian,25,N/A,67dd5382f1103eee6fd3a12b2ea03f2748c32aab81ed4d67af960b80f032f096,kaggle_drivers,2026-05-15 08:49:13
255,255,nilsson,gunnar,nilsson,swedish,38,N/A,24e68fa6b6cd28572422a9eecf6d73507c9af991bf87ce92f8665993713af255,kaggle_drivers,2026-05-15 08:49:13
256,256,perkins,larry,perkins,australian,5,N/A,b710ed8506a53a2a2b9d1a92268326f615b451d4e2378732f67dbafb0141984a,kaggle_drivers,2026-05-15 08:49:13
257,257,hayje,boy,lunger,dutch,16,N/A,a95c4ac12bf3fe81fe10b52d4e7d4b610edad9fc2e0332e28f9ebd1fc66bbd5f,kaggle_drivers,2026-05-15 08:49:13
258,258,neve,patrick,neve,belgian,7,N/A,4920efa71776369dc6550dfbaa88f96af2f60e0b974564ee961bd053659d997f,kaggle_drivers,2026-05-15 08:49:13
259,259,purley,david,purley,british,9,N/A,7c9b5cf6f000b5a449f9a78f8f727688cfb7cce048a786b6781d58e1c88138e5,kaggle_drivers,2026-05-15 08:49:13
260,260,andersson,conny,andersson,swedish,38,N/A,727f2449544c0e79ba9f2ddd0c550e3c65028773263bf69691f6a2d83f9466f7,kaggle_drivers,2026-05-15 08:49:13
261,261,dryver,bernard,de dryver,belgian,7,N/A,107aa68187d499718da45aeaaa38130c74f4ad316b644c0d2a52abde1dcd9e3a,kaggle_drivers,2026-05-15 08:49:13
262,262,oliver,jackie,oliver,british,9,N/A,81d773ac4adcef215011ef476eab835f62bdc07fd530d368db5fb9f2006493e2,kaggle_drivers,2026-05-15 08:49:13
263,263,kozarowitzky,mikko,kozarowitzky,finnish,18,N/A,3bd84e7acee58a7452e2d2a6ae4383be018ab0df86d27889569af703a8018a62,kaggle_drivers,2026-05-15 08:49:13
264,264,sutcliffe,andy,sutcliffe,british,9,N/A,b24acbeae40619e9ff162977116a06e6b58e7d36d1d75042dbeb349003f1852c,kaggle_drivers,2026-05-15 08:49:13
265,265,edwards,guy,edwards,british,9,N/A,746accb4875da1ab7980b05731b4bf1836d25cf6f4c745a504b7151822975402,kaggle_drivers,2026-05-15 08:49:13
266,266,mcguire,brian,mcguire,australian,5,N/A,a44e37740ff53b3837bcb352c4fee02025ce8880fe5c1c12f97786693d826454,kaggle_drivers,2026-05-15 08:49:13
267,267,schuppan,vern,schuppan,australian,5,N/A,51bc1ded7f6a38325eec2b8d323cc1965dbb4a8ae456ab4650bd7b290f5a1c41,kaggle_drivers,2026-05-15 08:49:13
268,268,heyer,hans,heyer,german,20,N/A,27600339456e8ca307ffb53839d62726b92527259dd619d3e16c57742ca9396e,kaggle_drivers,2026-05-15 08:49:13
269,269,pilette,teddy,pilette,belgian,7,N/A,bcd76a6a5922d674f900f47d525ef99f81e67e0dad34fce4ff6f595e3f08b056,kaggle_drivers,2026-05-15 08:49:13
270,270,ashley,ian,ashley,british,9,N/A,6035687d871643512f340efdf301b50de36cc6f98154d06c8a7fc1f564801a67,kaggle_drivers,2026-05-15 08:49:13
271,271,kessel,loris,kessel,swiss,39,N/A,f08ecacf2de4a48acb66c36c2c2b05e28863120cd100675b1a83cd15aeb2a055,kaggle_drivers,2026-05-15 08:49:13
272,272,takahashi,kunimitsu,takahashi,japanese,26,N/A,1f7157ff77276ffd19793a57c71d1c5e48baaaeb0139b2cb3c9ea49c170d544c,kaggle_drivers,2026-05-15 08:49:13
273,273,hoshino,kazuyoshi,hoshino,japanese,26,N/A,424528fd79826dad0a120d134b06cca54f0de73068f55d434cbeb797cf95fc2d,kaggle_drivers,2026-05-15 08:49:13
274,274,takahara,noritake,takahara,japanese,26,N/A,6226393ff78e246fe5a379dae9ee52d9a72f954e761b9affe4a503aed59eab6b,kaggle_drivers,2026-05-15 08:49:13
275,275,lombardi,lella,lombardi,italian,25,N/A,014db93f61061d7eb29e6fbb13e1fa376b004a2834837663938c39c1fddee8c5,kaggle_drivers,2026-05-15 08:49:13
276,276,evans,bob,evans,british,9,N/A,a881aa6d349e2518b1e0a28301cddb237e919656e4f078415853775d028ca916,kaggle_drivers,2026-05-15 08:49:13
277,277,leclere,michel,leclere,french,19,N/A,e4189d13c9004a964b8ee2c5832a853c1e22ed410e4faffd388929687ffd5006,kaggle_drivers,2026-05-15 08:49:13
278,278,amon,chris,amon,new zealander,31,N/A,f921b211efc4da7eb1f89c89f1498f4a76edede91f7538ac21a0f47b28ba53c1,kaggle_drivers,2026-05-15 08:49:13
279,279,zapico,emilio,zapico,spanish,37,N/A,ef601adf6b9eef48736725fd221e182d56c11f07b8ee4f1b39aa86376677bffe,kaggle_drivers,2026-05-15 08:49:13
280,280,pescarolo,henri,pescarolo,french,19,N/A,0310fd3de7e37bf3c5308ddce156084749bdf5d465f3307e5ad638e559547e0a,kaggle_drivers,2026-05-15 08:49:13
281,281,nelleman,jac,nelleman,danish,15,N/A,8778c4fa9936f9897356a4a62b939cf4eb453457faa639b78a4acd6236c678e2,kaggle_drivers,2026-05-15 08:49:13
282,282,magee,damien,magee,british,9,N/A,ee134f2e822d625b7996c96d61ea2e870631bafcd387c797c394acf7ace60c63,kaggle_drivers,2026-05-15 08:49:13
283,283,wilds,mike,wilds,british,9,N/A,914ef149c5c5aff6d44f658d8ec077cd7384ee00d9a87f4310367964910e4013,kaggle_drivers,2026-05-15 08:49:13
284,284,pesenti_rossi,alessandro,pesenti-rossi,italian,25,N/A,7d2975d2401aeaf54e814953bbbc9ffb3ac53b7f30a587dedbf0e7d90d1ad3c4,kaggle_drivers,2026-05-15 08:49:13
285,285,stuppacher,otto,stuppacher,austrian,6,N/A,36c51011dd9467f6fd54dd2169f8af7e7587b536c98da2a347922961a2d04a1c,kaggle_drivers,2026-05-15 08:49:13
286,286,brown,warwick,brown,australian,5,N/A,59ac1648a65a16d1bb8ca386897b7ba2c1c9fb48a94a3c00d91f6fca91d668ef,kaggle_drivers,2026-05-15 08:49:13
287,287,hasemi,masahiro,hasemi,japanese,26,N/A,9c99e848bab761a1e8512872dc5577073f850ce18f4c9ee7961a22d91d082214,kaggle_drivers,2026-05-15 08:49:13
288,288,donohue,mark,donohue,american,0,N/A,b78dd84e4fb0e1c9bf88628316e97c1ed273909fa463b409c2781183e5792c35,kaggle_drivers,2026-05-15 08:49:13
289,289,hill,graham,hill,british,9,N/A,5fb8ccaa5dd3ebf176d43f5d42c8073faab65ceb3611b490c16d56c2b2cf9b54,kaggle_drivers,2026-05-15 08:49:13
290,290,wilson_fittipaldi,wilson,fittipaldi,brazilian,8,N/A,1c4ba409f5911308f85e971d15705572f2c7eaac2ea6917186479438dd8b98ee,kaggle_drivers,2026-05-15 08:49:13
291,291,tunmer,guy,tunmer,south african,36,N/A,6c36da9c3be1b6a894bb2edcbe23bcd937418cc36dcce7c5c05e00344a352bed,kaggle_drivers,2026-05-15 08:49:13
292,292,keizan,eddie,keizan,south african,36,N/A,b3936f3840737ec84759aa9e3c0cf33a6863e9e3cdd2238846d4406925bf4a3a,kaggle_drivers,2026-05-15 08:49:13
293,293,charlton,dave,charlton,south african,36,N/A,2351447037935e107f4fa7441d69e4ed4957f18e5fc2594d2fdc665fa885b10b,kaggle_drivers,2026-05-15 08:49:13
294,294,brise,tony,brise,british,9,N/A,70453166b7d19116239d0aa4fbcc4405bfd7d0e3cc7d0a2464e60c18431175cc,kaggle_drivers,2026-05-15 08:49:13
295,295,wunderink,roelof,wunderink,dutch,16,N/A,2ac84beec0160f17320b99220ba7a95a3680360cbdef0a6acd7a95ce7c4f44bc,kaggle_drivers,2026-05-15 08:49:13
296,296,migault,francois,migault,french,19,N/A,41d64c8adf9fb4557906d875035c062c6b534f4739b28bdda9ac3781a1d602f4,kaggle_drivers,2026-05-15 08:49:13
297,297,palm,torsten,palm,swedish,38,N/A,09d37b6a539068e124403815e70792dec56d4c39bf947e62bb8ad55adf74b432,kaggle_drivers,2026-05-15 08:49:13
298,298,lennep,gijs,van lennep,dutch,16,N/A,fa86b3c4a797557b35bbe04d8fc2aa2fe2fd473016922aa37a03038037395d61,kaggle_drivers,2026-05-15 08:49:13
299,299,fushida,hiroshi,fushida,japanese,26,N/A,f08b5ffa714e21e709dbaee9b09003d7f2c8666237bec995f2fd62674b152eca,kaggle_drivers,2026-05-15 08:49:13
300,300,nicholson,john,nicholson,new zealander,31,N/A,b6ff4bd7c56df6ab5f6517219dfdf30de9fe763a33916106e69c9622d235fb62,kaggle_drivers,2026-05-15 08:49:13
301,301,morgan,dave,morgan,british,9,N/A,4d4e651ae35762690f58bec0b4de7d9e065a1493eced7b863d1da99a32266f75,kaggle_drivers,2026-05-15 08:49:13
302,302,crawford,jim,crawford,british,9,N/A,abdf5e157c0161542d327bd13f652b94b70204cb17ebf0722e9f830573c65190,kaggle_drivers,2026-05-15 08:49:13
303,303,vonlanthen,jo,vonlanthen,swiss,39,N/A,b423bf3222da208fbc47e5f6db21c18afd6c38569c11c743eaebbd7b1d0d8c16,kaggle_drivers,2026-05-15 08:49:13
304,304,hulme,denny,hulme,new zealander,31,N/A,11ba3fe9203ee9fe8fd200a179c030e2cef035e90e0064e5f1bd97655d1f280f,kaggle_drivers,2026-05-15 08:49:13
305,305,hailwood,mike,hailwood,british,9,N/A,935c3c9d6c950e236bdc3ade2d36623e1ce791f4baf2abbf00311f30a8e57a9f,kaggle_drivers,2026-05-15 08:49:13
306,306,beltoise,jean-pierre,beltoise,french,19,N/A,ffe1f11d7348f53e9c257b74ee0199ec5f8d09ac0e3ec75004bf5c7c92a23c05,kaggle_drivers,2026-05-15 08:49:13
307,307,ganley,howden,ganley,new zealander,31,N/A,092c876e02623bb7e3afdec2691e8c4e3ec6c78b64814f4b6b61eebb99131d75,kaggle_drivers,2026-05-15 08:49:13
308,308,robarts,richard,robarts,british,9,N/A,f542368b06349b8303bfd73e9b55121649a9da3374df7d7e1f077a55d8e4a8a4,kaggle_drivers,2026-05-15 08:49:13
309,309,revson,peter,revson,american,0,N/A,697c9d3c0d2ef7a34c1dde3c0f18c74e234150ab1f727e71c6c86238388c3c07,kaggle_drivers,2026-05-15 08:49:13
310,310,driver,paddy,driver,south african,36,N/A,2d3b60777ba19301a4aa56283cc2edc6d9318d815c9522dda7694fad5ba25c50,kaggle_drivers,2026-05-15 08:49:13
311,311,belso,tom,bels,danish,15,N/A,471f2a045462f73af794d271af7e8178f0832598139f05edcb9aefdc8ee837bb,kaggle_drivers,2026-05-15 08:49:13
312,312,redman,brian,redman,british,9,N/A,dd2f126bb0ddb896481c6a23db31e62d973d0ccaeadc54c92c78a42c2e986729,kaggle_drivers,2026-05-15 08:49:13
313,313,opel,rikky,von opel,liechtensteiner,27,N/A,8213486dd4269098b509c4013633930e29b03ffd98e34b0cdfa9f6b4e298e41f,kaggle_drivers,2026-05-15 08:49:13
314,314,schenken,tim,schenken,australian,5,N/A,ca7175d7cb25644b3df8fba72c92f25f3029c32b2ebdf3455af955f73cb26be9,kaggle_drivers,2026-05-15 08:49:13
315,315,larrousse,gerard,larrousse,french,19,N/A,3f487985315df96cb67520950364af0b6c80e481cf8d465773b3f07e5c39ff2c,kaggle_drivers,2026-05-15 08:49:13
316,316,kinnunen,leo,kinnunen,finnish,18,N/A,2d83891c61dd5f33e148f43651c1f4bb9293bcbd0c1e30fc50c6791db069d336,kaggle_drivers,2026-05-15 08:49:13
317,317,wisell,reine,wisell,swedish,38,N/A,e70dfea2d3c297dc13fe8057c5ef2897e42567bc80bfaaa7e9fc05045bf4d0a6,kaggle_drivers,2026-05-15 08:49:13
318,318,roos,bertil,roos,swedish,38,N/A,b8cd2fa6c46b549a8c30c55d713bb7e6d8ead2b67da567d57e11b0010aa04508,kaggle_drivers,2026-05-15 08:49:13
319,319,dolhem,jose,dolhem,french,19,N/A,55a1c4d59c71703afb157b9288e4798c9d73fce957512bf8f3fc8c3eadda00bb,kaggle_drivers,2026-05-15 08:49:13
320,320,gethin,peter,gethin,british,9,N/A,8ebc590e0d3f1bb4591fbd11a4aaf50674061bb8cd81683bf7cb53226e137f31,kaggle_drivers,2026-05-15 08:49:13
321,321,bell,derek,bell,british,9,N/A,deb0319d6e335d332443de86e6b587a13e3cc566bffa026421e2cce5a6449a81,kaggle_drivers,2026-05-15 08:49:13
322,322,hobbs,david,hobbs,british,9,N/A,48d655370708216ddb2d2c495183209c2b4affc204cfb94e7d824ce71e0fe8c3,kaggle_drivers,2026-05-15 08:49:13
323,323,quester,dieter,quester,austrian,6,N/A,46ce1e6c295b4fc11474fa6f1af84467706b89bcaa4a56e0e7efc24e7d7e4eae,kaggle_drivers,2026-05-15 08:49:13
324,324,koinigg,helmuth,koinigg,austrian,6,N/A,46f131df8feee83e593300c66f7c9fa8d0f5dd644b8eb49ddb796fb9f5746970,kaggle_drivers,2026-05-15 08:49:13
325,325,facetti,carlo,facetti,italian,25,N/A,aa9d5d0a54bdd0a05ee26194b049ad75c5c07a07320a5b13394e2aaf4e1fce17,kaggle_drivers,2026-05-15 08:49:13
326,326,wietzes,eppie,wietzes,canadian,10,N/A,d97b43481a55b6734643a4d1925038afd402b92e7dc043761a71683103082881,kaggle_drivers,2026-05-15 08:49:13
327,327,cevert,francois,cevert,french,19,N/A,0c529eeae173f29738060ed99b2cc7ca3f264a42504fb6075eb3b2848556b3bc,kaggle_drivers,2026-05-15 08:49:13
328,328,stewart,jackie,stewart,british,9,N/A,16486a8c1ce25ce80d188464b522d65f4c91e2a3f0feacf24c2c94ec631c05f8,kaggle_drivers,2026-05-15 08:49:13
329,329,beuttler,mike,beuttler,british,9,N/A,8535ff510d981db0aa4e479dc221a998221a4d22f17b10ded3883476aab6d813,kaggle_drivers,2026-05-15 08:49:13
330,330,galli,nanni,galli,italian,25,N/A,8d70dd82186cbf8b362680c5401800abea9eced7841a88e57f839cbc39208117,kaggle_drivers,2026-05-15 08:49:13
331,331,bueno,luiz,bueno,brazilian,8,N/A,1e0a21843add381d817ea104ec8fc755d3166f145bf60604d121f792c5fc3e18,kaggle_drivers,2026-05-15 08:49:13
332,332,follmer,george,follmer,american,0,N/A,c8f28577cc95adcf92218e2202a0334b0dfcb928d6a9355dbf348d9c4d8ff9e7,kaggle_drivers,2026-05-15 08:49:13
333,333,adamich,andrea,de adamich,italian,25,N/A,aefffb45d160cc71aa186eb1d6d2c9e267ad5d9370f89b175cb22b3b01c6cd1e,kaggle_drivers,2026-05-15 08:49:13
334,334,pretorius,jackie,pretorius,south african,36,N/A,3c07cd02212920ffb6aaf8ea4eee259c3cf98bb3d840b260ba1bc2b34f1be1a8,kaggle_drivers,2026-05-15 08:49:13
335,335,williamson,roger,williamson,british,9,N/A,4992396ea97ec47b31337c54828fb04bd281019cdfc3dde90155c62a22835566,kaggle_drivers,2026-05-15 08:49:13
336,336,mcrae,graham,mcrae,new zealander,31,N/A,86e1a301af2eb43f33f5eaeb0603849588ca4f3c7b3513ce3f7903c6864f8f80,kaggle_drivers,2026-05-15 08:49:13
337,337,marko,helmut,marko,austrian,6,N/A,7c7c2b3a61293335ba00e2e646c4e3fbe0063057beba93f42d6ebbe827a5ee86,kaggle_drivers,2026-05-15 08:49:13
338,338,walker,david,walker,australian,5,N/A,6a5561acb10b948a1045d7a82ed9f9aa850c7ec2278d964ec14a9f57a1c7d4f6,kaggle_drivers,2026-05-15 08:49:13
339,339,roig,alex,soler-roig,spanish,37,N/A,dd89fb67f9853cabaad9e8e3a409d65be1b813b7d5dff4709774b6d1ea99ac47,kaggle_drivers,2026-05-15 08:49:13
340,340,love,john,love,rhodesian,34,N/A,41af0b64bde3a9dd4b9819e049b009e81afb67bef62c645c0692e6097382dc9b,kaggle_drivers,2026-05-15 08:49:13
341,341,surtees,john,surtees,british,9,N/A,3c18f65aa52c25adacec338d7015d61a2314e7748b9aebacc68bf57080f5dfd8,kaggle_drivers,2026-05-15 08:49:13
342,342,barber,skip,barber,american,0,N/A,141e36e87c40f340b69d14709997f379d25502ba8d02965b82e581049b345bad,kaggle_drivers,2026-05-15 08:49:13
343,343,brack,bill,brack,canadian,10,N/A,21b457c58df133927af99ecf7b2c2e18b8e33552d3890c6d218d2ecc696c6917,kaggle_drivers,2026-05-15 08:49:13
344,344,posey,sam,posey,american,0,N/A,9f48f8815ed1375f50e7df0d31a3a96e0fa01429d33c2f09e69ab88b4660f6ef,kaggle_drivers,2026-05-15 08:49:13
345,345,rodriguez,pedro,rodriguez,mexican,29,N/A,e58d48c0d5703510bc001d12841d441463cd32549755a192964d1e471a3a76f1,kaggle_drivers,2026-05-15 08:49:13
346,346,siffert,jo,siffert,swiss,39,N/A,698f56ea8bb7d0ec78c60d78acf621069bb5ab478a93e54c3708b439811fd694,kaggle_drivers,2026-05-15 08:49:13
347,347,bonnier,jo,bonnier,swedish,38,N/A,b26f0da5dc96401e5bdd0505d875f46bd9f28a596356d1b6d0b17bdba07d680b,kaggle_drivers,2026-05-15 08:49:13
348,348,mazet,francois,mazet,french,19,N/A,57b4a1d7db63dde88386f26f6f935598277abc37ad0f9d6cf39de3f7a894bce3,kaggle_drivers,2026-05-15 08:49:13
349,349,jean,max,jean,french,19,N/A,7f2bf9f0a64b8f2681ea47aaa6c22990a5da77c532b7fb0387f90a01123d2275,kaggle_drivers,2026-05-15 08:49:13
350,350,elford,vic,elford,british,9,N/A,0464ee0cefdc12273ffe5a39a6ecbd2c17beca03fc0df806098f7cbe2ca7c0ec,kaggle_drivers,2026-05-15 08:49:13
351,351,moser,silvio,moser,swiss,39,N/A,ce2a3f4e298ebcfa9745a01e303711e4deed70732d4172fcb74f219e20df4d58,kaggle_drivers,2026-05-15 08:49:13
352,352,eaton,george,eaton,canadian,10,N/A,9dac5918462363756114a1a5fdf34fd6bc53781c78bd55d7c40664b402da65e4,kaggle_drivers,2026-05-15 08:49:13
353,353,lovely,pete,lovely,american,0,N/A,8119771c8bd102c827fe9d287fcaf589581fa54cbd60ab8bb59223c0d60d7ee9,kaggle_drivers,2026-05-15 08:49:13
354,354,craft,chris,craft,british,9,N/A,fcde5b53d57e6503eaa3e64cc01941d78175dcda6a05df6c1e670478b6b353ea,kaggle_drivers,2026-05-15 08:49:13
355,355,Cannoc,john,cannon,canadian,10,N/A,58a21a4b8576bf9b142b625da257f2ca5ac6fab1ae5c78d2f3989d51082807a7,kaggle_drivers,2026-05-15 08:49:13
356,356,jack_brabham,jack,brabham,australian,5,N/A,4b3b11d267f5585f1f2068dff9930fb0c381c7f1ac34fa33dddc51fa47b200e7,kaggle_drivers,2026-05-15 08:49:13
357,357,miles,john,miles,british,9,N/A,6462b377227fe02a7a4dce5108b574d4d8f2b046ea61b831bffc2759aa850d02,kaggle_drivers,2026-05-15 08:49:13
358,358,rindt,jochen,rindt,austrian,6,N/A,c96b2f46e56356303d375fddcc41fca761656a505658092538c3c5a1e4b93c28,kaggle_drivers,2026-05-15 08:49:13
359,359,gavin,johnny,servoz-gavin,french,19,N/A,dc4fc80382a5b77e8d7916838aa6d6459f7d47dc1b24b5318360cb912329c674,kaggle_drivers,2026-05-15 08:49:13
360,360,mclaren,bruce,mclaren,new zealander,31,N/A,c8b56350240b69dc08decdcb1199ab1d4cc319886f0d10971cae65bf13de2b5a,kaggle_drivers,2026-05-15 08:49:13
361,361,courage,piers,courage,british,9,N/A,302624df9e75caf968effd7b586d9bbcbaed33ef8e161d30bc5875249c14e9ac,kaggle_drivers,2026-05-15 08:49:13
362,362,klerk,peter,de klerk,south african,36,N/A,6bb269b8446d4da8a1de27f3bb35a1f8ec6e75a2dc4c6c17ad3730af185c8ce2,kaggle_drivers,2026-05-15 08:49:13
363,363,giunti,ignazio,giunti,italian,25,N/A,eb749d3a9aa6276375eb57b62c5fb93a59237f402d39583a180765238e89eafe,kaggle_drivers,2026-05-15 08:49:13
364,364,gurney,dan,gurney,american,0,N/A,f0dc3492a255f952f3358337d4d75ebf5824d8e03303dec554164247a4ec5a64,kaggle_drivers,2026-05-15 08:49:13
365,365,hahne,hubert,hahne,german,20,N/A,9095b0ff6c594e3f11df036896fca213dccb7747d047852b80f731c187331350,kaggle_drivers,2026-05-15 08:49:13
366,366,hutchison,gus,hutchison,american,0,N/A,ffe1f11d7348f53e9c257b74ee0199ec5f8d09ac0e3ec75004bf5c7c92a23c05,kaggle_drivers,2026-05-15 08:49:13
367,367,westbury,peter,westbury,british,9,N/A,6cecd8a9162669cfb7d5d218d36ea461b2f5af9edd388cd74e00c5c4bd74f702,kaggle_drivers,2026-05-15 08:49:13
368,368,tingle,sam,tingle,rhodesian,34,N/A,e270df0e7b871e05d2852d64d3584ac05d31b272ea05d85dd4d2388750898fa6,kaggle_drivers,2026-05-15 08:49:13
369,369,rooyen,basil,van rooyen,south african,36,N/A,d1429fc18ba918b990e90616f5282c3a605ed86ff87cdd0c3983fc6e267cacf1,kaggle_drivers,2026-05-15 08:49:13
370,370,attwood,richard,attwood,british,9,N/A,c66655ecce619d21d149d2d7470bfe28badbaae1fb44e5d8f8f2af2a5a114c17,kaggle_drivers,2026-05-15 08:49:13
371,371,pease,al,pease,canadian,10,N/A,966eee51e1a89898cc48c167309793ee94eff8707840f129d6ad6e8a02c18149,kaggle_drivers,2026-05-15 08:49:13
372,372,cordts,john,cordts,canadian,10,N/A,97347c2b62ed5851da5fd6f0b8ac111d1b0fc33b6f4156b524b638ccbdac1d24,kaggle_drivers,2026-05-15 08:49:13
373,373,clark,jim,clark,british,9,N/A,43e663c317d97829bf7f0e9d509dc802fc88aaf690b9f1222c562c2956fce020,kaggle_drivers,2026-05-15 08:49:13
374,374,spence,mike,spence,british,9,N/A,c55afab939b6326a95cbf891c64af9452aee8efffaa2695a6d63078ab3f5872e,kaggle_drivers,2026-05-15 08:49:13
375,375,scarfiotti,ludovico,scarfiotti,italian,25,N/A,af330f6e205f58a257f1ceaadd8b2c7626dcdeba4db9acfccc6c6b255568bf0b,kaggle_drivers,2026-05-15 08:49:13
376,376,bianchi,lucien,bianchi,belgian,7,BIA,91765d744060568a555c838c33e0b195410df12afa8ab0f7dc625c50ec53f7cb,kaggle_drivers,2026-05-15 08:49:13
377,377,jo_schlesser,jo,schlesser,french,19,N/A,3fe6e21ccbdf0c918893cfc8196d83056056179da108b98a4f0e5ca559a62323,kaggle_drivers,2026-05-15 08:49:13
378,378,widdows,robin,widdows,british,9,N/A,302624df9e75caf968effd7b586d9bbcbaed33ef8e161d30bc5875249c14e9ac,kaggle_drivers,2026-05-15 08:49:13
379,379,ahrens,kurt,ahrens,german,20,N/A,da0554a9d64417986f132e5b955e51782ea8277aa53fadbb36ae679aceaae0fc,kaggle_drivers,2026-05-15 08:49:13
380,380,gardner,frank,gardner,australian,5,N/A,716b279cf3f0c6d03864f4bc1a2b0f8a1872bfcab6cc7d2c4bcdd5b81343f0f5,kaggle_drivers,2026-05-15 08:49:13
381,381,unser,bobby,unser,american,0,N/A,b62453ab92be6b1c942c022f05e785bba0295a94dbfd805cb69b025aff722e83,kaggle_drivers,2026-05-15 08:49:13
382,382,solana,moises,solana,mexican,29,N/A,21b457c58df133927af99ecf7b2c2e18b8e33552d3890c6d218d2ecc696c6917,kaggle_drivers,2026-05-15 08:49:13
383,383,anderson,bob,anderson,british,9,N/A,062c4405723e6f7f54ffe2005c7a9b1a0286cb8024606769fb521856986d966d,kaggle_drivers,2026-05-15 08:49:13
384,384,botha,luki,botha,south african,36,N/A,e8886b76874ed5902a45469f1e080f11dd670037da28f779bd429f8d3bf5e595,kaggle_drivers,2026-05-15 08:49:13
385,385,bandini,lorenzo,bandini,italian,25,N/A,5d3bee0a824e7c4857b0ac593df0757163fc29c990b2a4428dfafdf98e9b5497,kaggle_drivers,2026-05-15 08:49:13
386,386,ginther,richie,ginther,american,0,N/A,49cfd5b4d4e7bf215c0e68e2978e7325bceca84f4a9aabb6b2d0fae7946b1405,kaggle_drivers,2026-05-15 08:49:13
387,387,parkes,mike,parkes,british,9,N/A,098942037661921ba8f280d6bb9312bda923257ea87152bc8766753dcb731b19,kaggle_drivers,2026-05-15 08:49:13
388,388,irwin,chris,irwin,british,9,N/A,812326f7fa7e98cc3c7dca6047b3d8288851e203f6cd97435226945183f7da29,kaggle_drivers,2026-05-15 08:49:13
389,389,ligier,guy,ligier,french,19,N/A,72729dd8f46207547524c24bdedbca4ab6df9fd00e554ac9641a9b8f0c5df3ec,kaggle_drivers,2026-05-15 08:49:13
390,390,rees,alan,rees,british,9,N/A,2f0d5a2f7f99b4c9c3eb88b81a47a74a0b03148485c51c52f31e17fe8e1baf6a,kaggle_drivers,2026-05-15 08:49:13
391,391,hart,brian,hart,british,9,N/A,652893fa819ddeed35ab2fe4f4927e748988a14677e9a0bc06e4deb8c9f36f10,kaggle_drivers,2026-05-15 08:49:13
392,392,fisher,mike,fisher,american,0,N/A,e350a5e342617959818e6ebe05b53d7fc3cc5012d7b82c746fc03a54c3702996,kaggle_drivers,2026-05-15 08:49:13
393,393,tom_jones,tom,jones,american,0,N/A,ab578643e19c5fe89fea3689bfd5650f826eae4c633657d38151c8c90177a168,kaggle_drivers,2026-05-15 08:49:13
394,394,baghetti,giancarlo,baghetti,italian,25,N/A,18bf0bf8e8321988a09b09f35a79549267571ab1369ba9f23d2190924d1ca261,kaggle_drivers,2026-05-15 08:49:13
395,395,williams,jonathan,williams,british,9,N/A,45a144ac63792b2b363ef8a692970f58df34cc791d7d978c5a5427ff78fd35aa,kaggle_drivers,2026-05-15 08:49:13
396,396,bondurant,bob,bondurant,american,0,N/A,d982a1242d6a3762f84051eac821a6e3c103e23e10ef0422772fd090aa28db0c,kaggle_drivers,2026-05-15 08:49:13
397,397,arundell,peter,arundell,british,9,N/A,704bf4e6423694a88b7e7a9f2ad5e06c0de0f3a03f686d71ada52c12c00252cc,kaggle_drivers,2026-05-15 08:49:13
398,398,vic_wilson,vic,wilson,british,9,N/A,05da14aab912c807057316623f38f8adddaf4cd335af5eac6523d885c48fb1c4,kaggle_drivers,2026-05-15 08:49:13
399,399,taylor,john,taylor,british,9,N/A,be947312e4618314a3b2ef8d1b633c64215cacf67130b56ad73910e67d660da7,kaggle_drivers,2026-05-15 08:49:13
400,400,lawrence,chris,lawrence,british,9,N/A,50e436f7e8b75836f5af9b979ecd53be2d607dfb658b5c6135d24bfeaa07a88a,kaggle_drivers,2026-05-15 08:49:13
401,401,trevor_taylor,trevor,taylor,british,9,N/A,2e8105d7ac1c134d237b28f1f24fe82c9025048c7eadf80ea0dd19c34133ab42,kaggle_drivers,2026-05-15 08:49:13
402,402,geki,giacomo,russo,italian,25,N/A,2bde87456cb70666fd5621f46f893a80446cafa18769d5b094be171b8001cdb3,kaggle_drivers,2026-05-15 08:49:13
403,403,phil_hill,phil,hill,american,0,N/A,09d83543a77e68ac58d7b9de28a8b729c783f564e27e7834d597a9284872961c,kaggle_drivers,2026-05-15 08:49:13
404,404,ireland,innes,ireland,british,9,N/A,fc98c9b8164f475efff5bdd3ffc8f1d0e18598c7246757337293e966e82d73f0,kaggle_drivers,2026-05-15 08:49:13
405,405,bucknum,ronnie,bucknum,american,0,N/A,4d252ac5644e1ff5020b6178c8ec472a16ad08422390a8f7c262a8c927528220,kaggle_drivers,2026-05-15 08:49:13
406,406,hawkins,paul,hawkins,australian,5,N/A,692d41b6f008ba63840b00d3f26d768ef4a4a838769dcf0579eec165fceb9c91,kaggle_drivers,2026-05-15 08:49:13
407,407,prophet,david,prophet,british,9,N/A,686a01abba4b75b0fb5bb36499cc851669aefafa640d5edb604545351b9d082d,kaggle_drivers,2026-05-15 08:49:13
408,408,maggs,tony,maggs,south african,36,N/A,b500058c9ad52d996caf3537b62a82059b390e930c10572b6f78d8b23a1b5efe,kaggle_drivers,2026-05-15 08:49:13
409,409,blokdyk,trevor,blokdyk,south african,36,N/A,8c1f72123171a0d0b951d59de471fae1715d8eda1ecae9a686c87b8b4f135c52,kaggle_drivers,2026-05-15 08:49:13
410,410,lederle,neville,lederle,south african,36,N/A,8ed4175487e21ac8082cee59ae4b416a47b24a9116318d5b5792746a393c02ff,kaggle_drivers,2026-05-15 08:49:13
411,411,serrurier,doug,serrurier,south african,36,N/A,d7cb57d9280df92c9fe60c8397b4791bf4a880acaf31ca6e556663464939e532,kaggle_drivers,2026-05-15 08:49:13
412,412,niemann,brausch,niemann,south african,36,N/A,d7ebc0de23f5b518e4f0875ca9fb82a87fde014db0f743eacacb27848af73ed0,kaggle_drivers,2026-05-15 08:49:13
413,413,pieterse,ernie,pieterse,south african,36,N/A,9cd32d3e2742f4082dc5c17f33a897e9bad5c13a232a8af61bfa43498e9df25a,kaggle_drivers,2026-05-15 08:49:13
414,414,puzey,clive,puzey,rhodesian,34,N/A,d38d8d82faf8345c6f6ff4af9959f5618964316ccbe09e3bd4c08de682dcc4a9,kaggle_drivers,2026-05-15 08:49:13
415,415,reed,ray,reed,south african,36,N/A,3c71b22c6339b90b128a3856efc0d398f8eacc4b64bb3bdfc6ea47a14421fa0e,kaggle_drivers,2026-05-15 08:49:13
416,416,clapham,david,clapham,south african,36,N/A,8b9c59b06aca363ef4500bf5063a7aba791aa4c373698b5463aa35ec6d7c146c,kaggle_drivers,2026-05-15 08:49:13
417,417,blignaut,alex,blignaut,south african,36,N/A,9496ab1aac89cff4aed8fb76902bf8b3420bf5504310f37b99c11c4967b6ce2d,kaggle_drivers,2026-05-15 08:49:13
418,418,gregory,masten,gregory,american,0,N/A,241a7c22551939d39ba51669467b81090260a1edf0f10ad5c7178105939c992e,kaggle_drivers,2026-05-15 08:49:13
419,419,rhodes,john,rhodes,british,9,N/A,9c409f077a8a49b99ebf3f4ed62daf6f6044c52d8e16387d9fd33f4210c5e73a,kaggle_drivers,2026-05-15 08:49:13
420,420,raby,ian,raby,british,9,N/A,62d408e583265b46b3ab61309840c415a45d1d0f0dca8ee02add3960ddf3fe7d,kaggle_drivers,2026-05-15 08:49:13
421,421,rollinson,alan,rollinson,british,9,N/A,ddb490dba82c29f111c14136cf49b74f06736247e66ba5867aa7ed7613463d1b,kaggle_drivers,2026-05-15 08:49:13
422,422,gubby,brian,gubby,british,9,N/A,3f5a3e016a628da5ca2d9f614752f8c6605bd5868a2fd0b048353eb82e3e5737,kaggle_drivers,2026-05-15 08:49:13
423,423,mitter,gerhard,mitter,german,20,N/A,fb18ffbe9d371843d7c46b44d428dcb4ce4dc7cdba6d43d7fd9987e7173bcdf1,kaggle_drivers,2026-05-15 08:49:13
424,424,bussinello,roberto,bussinello,italian,25,N/A,b731c6d4f2e4c1bdba44eefd3c338072c37e6abcb4e232810d77d98df2c45919,kaggle_drivers,2026-05-15 08:49:13
425,425,vaccarella,nino,vaccarella,italian,25,N/A,819d6daf339dc6f0bce9f431ff0178c5e1c3bf12241867ed2f5ee8c691260e8b,kaggle_drivers,2026-05-15 08:49:13
426,426,bassi,giorgio,bassi,italian,25,N/A,821d5618fae7c7c6703f9075206a5249a67a8e4ea71172b9654ac3c14b577ae9,kaggle_drivers,2026-05-15 08:49:13
427,427,trintignant,maurice,trintignant,french,19,N/A,1631bace9963ca4fef97140c8ab29596369c366fc1a738fa4f6937547e5c70e1,kaggle_drivers,2026-05-15 08:49:13
428,428,collomb,bernard,collomb,french,19,N/A,2260f1d798639a82454ded5ee1b3b1a4df8539a31783a7f68a78c3eda34bb1a7,kaggle_drivers,2026-05-15 08:49:13
429,429,andre_pilette,andre,pilette,belgian,7,N/A,4083bb7b62dc16370f1197946b7bb23752c15a55039761a077a1deaf5ca7629b,kaggle_drivers,2026-05-15 08:49:13
430,430,beaufort,carel godin,de beaufort,dutch,16,N/A,07b29c72cd89bfd9d5d49364f0b783159ff9ceb07bb7c7449231bbeb761ced54,kaggle_drivers,2026-05-15 08:49:13
431,431,barth,edgar,barth,german,20,N/A,40cacd1932217ea447a04d658418a8ad5e596b6eb42951f817441627dee95a50,kaggle_drivers,2026-05-15 08:49:13
432,432,cabral,mario de araujo,cabral,portuguese,33,N/A,4145018136b8f4f43e5315f55a1ccb59f581e2ef26fcb56de1992be0389c4e1e,kaggle_drivers,2026-05-15 08:49:13
433,433,hansgen,walt,hansgen,american,0,N/A,307d1113dc740238607c1ce390dae9db877326594563b53edd214d646d49e15b,kaggle_drivers,2026-05-15 08:49:13
434,434,sharp,hap,sharp,american,0,N/A,0bfc8c41e0b006da8fd91c534ecf201e0cac7a8c315cdb4bc12e7b092c92b5fd,kaggle_drivers,2026-05-15 08:49:13
435,435,mairesse,willy,mairesse,belgian,7,N/A,0d1e9d9a78d0a905107c62517d3e367804b2cd69d2dde973161191368ea46ac0,kaggle_drivers,2026-05-15 08:49:13
436,436,campbell-jones,john,campbell-jones,british,9,N/A,b796684a40cbfd06edaab5683d0397ba5381d48ffa63075b7f5917b516f172a3,kaggle_drivers,2026-05-15 08:49:13
437,437,burgess,ian,burgess,british,9,N/A,6b024f144c0f7a2acf9807d4a41b242645c9df21467f600deb12b916c5d9aa12,kaggle_drivers,2026-05-15 08:49:13
438,438,settember,tony,settember,american,0,N/A,0497b2bb4bfbaf5fe49a7141fe02ae6e35c02452b25c57bd30018e9147477b9c,kaggle_drivers,2026-05-15 08:49:13
439,439,estefano,nasif,estefano,argentine,2,N/A,390addb495b674ea665bb4bd2f5b3f7166a025e2b9a934acc2d4d6c57abf0171,kaggle_drivers,2026-05-15 08:49:13
440,440,hall,jim,hall,american,0,N/A,97347c2b62ed5851da5fd6f0b8ac111d1b0fc33b6f4156b524b638ccbdac1d24,kaggle_drivers,2026-05-15 08:49:13
441,441,parnell,tim,parnell,british,9,N/A,c8de9ebb84c575a33cf8ea7c459d417a7ebbead71414dcc1655afc8217c6c314,kaggle_drivers,2026-05-15 08:49:13
442,442,kuhnke,kurt,kuhnke,german,20,N/A,bb2d41c6509a421d668363379666b8f3c85a052073bfff4711d7bddc24523eae,kaggle_drivers,2026-05-15 08:49:13
443,443,ernesto_brambilla,ernesto,brambilla,italian,25,N/A,559c53276eabf9eac5e20e81a944d4131ae07f0670da24c8999a99fa6442ef1f,kaggle_drivers,2026-05-15 08:49:13
444,444,lippi,roberto,lippi,italian,25,N/A,e76cd67ae528e659a46bb86297d935fa840ad912b72c59d8b489af7dbbe78dc2,kaggle_drivers,2026-05-15 08:49:13
445,445,seiffert,gunther,seiffert,german,20,N/A,e97204beaaa385b9e55a8718340e157a69ca2dfa14baaeb17f6ea11339bf12ed,kaggle_drivers,2026-05-15 08:49:13
446,446,abate,carlo,abate,italian,25,N/A,6225df9e52dbe1d30ad52e2f774c98b18526ce8bdbace6908106799f2013e561,kaggle_drivers,2026-05-15 08:49:13
447,447,starrabba,gaetano,starrabba,italian,25,N/A,eca2cf11fe621331741896791688a1e56e6682c0dba024ac9a8c977544532b36,kaggle_drivers,2026-05-15 08:49:13
448,448,broeker,peter,broeker,canadian,10,N/A,32176e532929ce7ee78f440e16ab2e1f1f0bbcdc10735ebc21735751b76d0bcb,kaggle_drivers,2026-05-15 08:49:13
449,449,ward,rodger,ward,american,0,N/A,81d01677157af5ce762ce82bc220ad35e8c086f8a83a99670b35b8094c678761,kaggle_drivers,2026-05-15 08:49:13
450,450,vos,ernie,de vos,dutch,16,N/A,80d7a70f3bced9965584eac069386ce570f2aab9e3cf8daa212f43e0d0917684,kaggle_drivers,2026-05-15 08:49:13
451,451,dochnal,frank,dochnal,american,0,N/A,3a92a40e21eff5aa360f2ed2d795a077ab4ede0088a08213abe878eb9d3e0c06,kaggle_drivers,2026-05-15 08:49:13
452,452,monarch,thomas,monarch,american,0,N/A,2e20684bff784eb95105d7a270bb27e568253284ebe5220d67ac8850ebf8cc29,kaggle_drivers,2026-05-15 08:49:13
453,842,gasly,pierre,gasly,french,19,GAS,5a6c6024629a09e4e7778d33c26bac2e78aeba6f8ca60476d908e359e53affc9,kaggle_drivers,2026-05-15 08:49:13
454,453,lewis,jackie,lewis,british,9,N/A,90bb1a97d48e6a1d1818f6c91fa2ac1c5767387f8bc76752e408f918df9f656a,kaggle_drivers,2026-05-15 08:49:13
455,454,ricardo_rodriguez,ricardo,rodriguez,mexican,29,N/A,7b0ffe86d439b7c3fd0973d20bc43e1944ee5515da577a467705ce7113abafcf,kaggle_drivers,2026-05-15 08:49:13
456,455,seidel,wolfgang,seidel,german,20,N/A,96e5ca4b77af566412e2309981c214e876cbb8978a5ffbba68f87a2a26a9aa33,kaggle_drivers,2026-05-15 08:49:13
457,456,salvadori,roy,salvadori,british,9,N/A,bc934ca12742a75e2e5dccbed855119459d2cc7c1bdf94272b87681a76c27da4,kaggle_drivers,2026-05-15 08:49:13
458,457,pon,ben,pon,dutch,16,N/A,3081509abd230449663d03a034c8962c5953c31aeeec3d5b1d644d59619bad89,kaggle_drivers,2026-05-15 08:49:13
459,458,slotemaker,rob,slotemaker,dutch,16,N/A,19cfe0c1659f936595b85ab4d167468005995fb3e1f0c36d233fc45ae3515274,kaggle_drivers,2026-05-15 08:49:13
460,459,marsh,tony,marsh,british,9,N/A,6d6294a14fa579de7b280769adb9bcc9baaaf7d48e1a20c8a82deaa9dc1c3f2c,kaggle_drivers,2026-05-15 08:49:13
461,460,ashmore,gerry,ashmore,british,9,N/A,767cfe8f4b9564ae6a997b79d70817fc1c2b473f8c767448738fdaaaa4599ab6,kaggle_drivers,2026-05-15 08:49:13
462,461,schiller,heinz,schiller,swiss,39,N/A,ad7874564ed1c219b1d3aa203de85dbbf690a95081b73a0c0d6ad1a4b87cb782,kaggle_drivers,2026-05-15 08:49:13
463,462,davis,colin,davis,british,9,N/A,86f38637424346fb3f4e5d41ce6218535ea665c66dcdf46f3927b9629938a720,kaggle_drivers,2026-05-15 08:49:13
464,463,chamberlain,jay,chamberlain,american,0,N/A,fe3184f03f7e104717fd86775790e773f739523f9402b0de3a1541f944f5b7ec,kaggle_drivers,2026-05-15 08:49:13
465,464,shelly,tony,shelly,new zealander,31,N/A,24335515ede63acdf2db66903583ce1c27d4d604d2d1827cb623c905711d4b78,kaggle_drivers,2026-05-15 08:49:13
466,465,greene,keith,greene,british,9,N/A,2cf7c261bd59dc948deafef96ad3eb38e38d1f3896416c1f38d69298129684e7,kaggle_drivers,2026-05-15 08:49:13
467,466,walter,heini,walter,swiss,39,N/A,48957f471f7efe62185db0ddce8d70b82d0053e70c39e052c49f809f6bf5fae5,kaggle_drivers,2026-05-15 08:49:13
468,467,prinoth,ernesto,prinoth,italian,25,N/A,e328947ef5dafcb1badcd03f037e218f3fb7b346ff207cb7f15370646c19f9c9,kaggle_drivers,2026-05-15 08:49:13
469,468,penske,roger,penske,american,0,N/A,92194c494da9b1ded2da44efec11bfdcbcd46bb85f5e9feff29b39e5c4030c12,kaggle_drivers,2026-05-15 08:49:13
470,469,schroeder,rob,schroeder,british,9,N/A,72f643ef3b1fb6fe6db0edbb8c0ca47f2de7171ce10c5eb95f0b82c390c0ffa2,kaggle_drivers,2026-05-15 08:49:13
471,470,mayer,timmy,mayer,american,0,N/A,190dcc7a97118313701de785c074e7eb6f8a04cd9097a823c3d3061c756025d5,kaggle_drivers,2026-05-15 08:49:13
472,471,johnstone,bruce,johnstone,south african,36,N/A,436b08f67b5e6f90fb6f8057ea58b70c1b59d74eb3b6226c9a2ece9d9098a6f8,kaggle_drivers,2026-05-15 08:49:13
473,472,harris,mike,harris,south african,36,N/A,ebfb96ae08578783830b507cd9ae11dc8fca805d57ad9379ef1df2d7b95a259e,kaggle_drivers,2026-05-15 08:49:13
474,473,hocking,gary,hocking,rhodesian,34,N/A,f3cab02ac341cc06f8279d9f21296a8d27181a68cac5b42f8764465de1d0dccb,kaggle_drivers,2026-05-15 08:49:13
475,474,vyver,syd,van der vyver,south african,36,N/A,16ee17a81fc636706561ad8ddb9aac6ba926022e1b956a4b75e06d7babea85f5,kaggle_drivers,2026-05-15 08:49:13
476,475,moss,stirling,moss,british,9,N/A,47b03a44d859fa38a3b14adc3af2c28bb21e87801781eb7d6711e7b5240c2f9d,kaggle_drivers,2026-05-15 08:49:13
477,476,trips,wolfgang,von trips,german,20,N/A,5b7bfae4c3b34295007f04a9297e2f1a3616fdc4cb5dd0f35cfe613f25d1d710,kaggle_drivers,2026-05-15 08:49:13
478,477,allison,cliff,allison,british,9,N/A,e5f36ff540c461f8285416f2ca685c5b7417df73957c6893c116efcb9cc0213c,kaggle_drivers,2026-05-15 08:49:13
479,478,herrmann,hans,herrmann,german,20,N/A,f03b1c98da8bc38205d0a652f9ca40c9c255011b73e538107bf841ca7d131a84,kaggle_drivers,2026-05-15 08:49:13
480,479,brooks,tony,brooks,british,9,N/A,b2b9546efa95ead4568bf25322d8767d7905f40a5736944d6874360d0ce86fa3,kaggle_drivers,2026-05-15 08:49:13
481,480,may,michael,may,swiss,39,N/A,c7ab2661a520673734aba8887f25c4f1eff4ab4510600cce3ce534f896fc479d,kaggle_drivers,2026-05-15 08:49:13
482,481,henry_taylor,henry,taylor,british,9,N/A,c3f3db9d63278c1fabc151c8b1d712eef6d7cc2e652c97dabf0314aa49810daa,kaggle_drivers,2026-05-15 08:49:13
483,482,gendebien,olivier,gendebien,belgian,7,N/A,d0aef9fb93bb2eb9c44d4a281ea5d7d9295c733f5b89b4215ac47b0059714c41,kaggle_drivers,2026-05-15 08:49:13
484,483,scarlatti,giorgio,scarlatti,italian,25,N/A,eec23097537cbbed8f08ac909591e8a715d7a7767bbf1ce4a512511daeafe594,kaggle_drivers,2026-05-15 08:49:13
485,484,naylor,brian,naylor,british,9,N/A,03832944f5a42dc3807bdf5fb2ae522968377595b8dcf0a5c7818e9f8a78836b,kaggle_drivers,2026-05-15 08:49:13
486,485,bordeu,juan manuel,bordeu,argentine,2,N/A,0ee3d1c009f9110f0882c1643b01fd0fd3626563ac0339726e327b5bc563a6ec,kaggle_drivers,2026-05-15 08:49:13
487,486,fairman,jack,fairman,british,9,N/A,1e6560decced769d94aac8b8a22883600637b05f9c14d64570a0702aeb5e80de,kaggle_drivers,2026-05-15 08:49:13
488,487,natili,massimo,natili,italian,25,N/A,bf820928a17ac27fadb5f2b366b2eb23f21a458e6b29d2415e155d4b4c840c58,kaggle_drivers,2026-05-15 08:49:13
489,488,monteverdi,peter,monteverdi,swiss,39,N/A,14ba3796c60ce6642593f2accdb06517eece51ce2faa3d1bf677e06bc8a0e0a5,kaggle_drivers,2026-05-15 08:49:13
490,489,pirocchi,renato,pirocchi,italian,25,N/A,257dd7e4c09eca46384790767d75d313bb5fa5d5f68dbfd1445e2fe78a727ab8,kaggle_drivers,2026-05-15 08:49:13
491,490,duke,geoff,duke,british,9,N/A,73f1376af9daea61edce4ecaa2aac6131827ea40be4620ddbe3cb53186ce809b,kaggle_drivers,2026-05-15 08:49:13
492,491,thiele,alfonso,thiele,american-italian,1,N/A,f7d70db818b27f97e3095d781895c162c9ec56c805c689e3a9872837480e80a5,kaggle_drivers,2026-05-15 08:49:13
493,492,boffa,menato,boffa,italian,25,N/A,44e78c7a05e2e06a5f56d3553271798f51c3b1b5a75b60eca80bc026b19b6683,kaggle_drivers,2026-05-15 08:49:13
494,493,ryan,peter,ryan,canadian,10,N/A,a0a863e50872de49d3dc4b6d4855e7d9dd0fdf2a9980d148996537789211b450,kaggle_drivers,2026-05-15 08:49:13
495,494,ruby,lloyd,ruby,american,0,N/A,e812d87f4d0ce08c46854072b66225fc49938b47d343121448afa9e0f07dcf3b,kaggle_drivers,2026-05-15 08:49:13
496,495,ken_miles,ken,miles,british,9,N/A,c07819f24cbf9498db74b8774cdcfa32dc2e15fd71551755ea3b9cf3b4f35013,kaggle_drivers,2026-05-15 08:49:13
497,496,menditeguy,carlos,menditeguy,argentine,2,N/A,93a2d37dc25b13a542816db1db65a99139020afa93cf472be9f70a789a34887b,kaggle_drivers,2026-05-15 08:49:13
498,497,larreta,alberto rodriguez,larreta,argentine,2,N/A,b9ac0ee34dcb8228005eeaa7670726af89f3950abab2110c661ec40483b63c10,kaggle_drivers,2026-05-15 08:49:13
499,498,gonzalez,jose froilan,gonzalez,argentine,2,N/A,93f78a5809fc3f77cdc75b66812fab801279d00adcc1ca30703e613015229dee,kaggle_drivers,2026-05-15 08:49:13
500,499,bonomi,roberto,bonomi,argentine,2,N/A,b647cbdb582147214509379346c277a59b4dc145998fd826f4b828a6b940d062,kaggle_drivers,2026-05-15 08:49:13
501,500,munaron,gino,munaron,italian,25,N/A,81f6886d90daf185aa1b72f48bcbc6bb22c2cc2b099859546bdc4e6a48dd54f8,kaggle_drivers,2026-05-15 08:49:13
502,501,schell,harry,schell,american,0,N/A,c601f0849d9551af6b18265adb6c0e648336b4649e1eb3c4fc779ae31241a924,kaggle_drivers,2026-05-15 08:49:13
503,502,stacey,alan,stacey,british,9,N/A,c2f636186fab6a117c7ca669a3d8ff096b281f44ad753d1289b5d6027fff4b33,kaggle_drivers,2026-05-15 08:49:13
504,503,chimeri,ettore,chimeri,venezuelan,42,N/A,38764b1c079e714a24f50180906d892908daa34d9f35a5aecbed15f137e418f8,kaggle_drivers,2026-05-15 08:49:13
505,504,creus,antonio,creus,spanish,37,N/A,6297355f162ebf24e4eb8c2f1d60cb5329e0a3c97f505b417282e1244d06ad0a,kaggle_drivers,2026-05-15 08:49:13
506,505,bristow,chris,bristow,british,9,N/A,ae51df7818b0e0f91ceed48917c8d6284c17ddb950bead1d8f3e4aa60cabe8a5,kaggle_drivers,2026-05-15 08:49:13
507,506,halford,bruce,halford,british,9,N/A,8b9c59b06aca363ef4500bf5063a7aba791aa4c373698b5463aa35ec6d7c146c,kaggle_drivers,2026-05-15 08:49:13
508,507,daigh,chuck,daigh,american,0,N/A,518d0dcba754bccbf3968af088c26158190baeb9185e3beecde4a5ce85eb6119,kaggle_drivers,2026-05-15 08:49:13
509,508,reventlow,lance,reventlow,american,0,N/A,740f9fd63c751a09125ae6e944b8fed672aea005c6403691bfcefe727aaebab3,kaggle_drivers,2026-05-15 08:49:13
510,509,rathmann,jim,rathmann,american,0,N/A,075666e5ce85ca893a1091a8cad9f0cf6e59726eab4b2573714df02b3d737ae8,kaggle_drivers,2026-05-15 08:49:13
511,510,goldsmith,paul,goldsmith,american,0,N/A,9913d4fd3fd3b4d15ceef8f26a94c161205f84308ca3a519a29b5d19b2f0fab2,kaggle_drivers,2026-05-15 08:49:13
512,511,branson,don,branson,american,0,N/A,8f1add34e2b36ae0f1ab3f372d164b51f219b9649b90c4d00e5a4d3aececa596,kaggle_drivers,2026-05-15 08:49:13
513,512,thomson,johnny,thomson,american,0,N/A,c2dd310c2dd6486d6afd869340cb2bc4fc9655c108500c12611ebf188fde5f42,kaggle_drivers,2026-05-15 08:49:13
514,513,johnson,eddie,johnson,american,0,N/A,87b8abe8d64d704e3568af83f14a44b5ba0e6312d723af2d9e3db9e19d9c59d4,kaggle_drivers,2026-05-15 08:49:13
515,514,veith,bob,veith,american,0,N/A,7dbf696fb9ffb8e521f07bf5e6216970320a68e8d01d3c0e4710daeffde2f57c,kaggle_drivers,2026-05-15 08:49:13
516,515,tingelstad,bud,tingelstad,american,0,N/A,f85a75ac6003d7f3b5af0349b70cd40c592116471de13166378e5f6f1a346f61,kaggle_drivers,2026-05-15 08:49:13
517,516,christie,bob,christie,american,0,N/A,1537b75ef32a7015ffe7811e6f051b23e9ce86448f573484fef1287577d5ff38,kaggle_drivers,2026-05-15 08:49:13
518,517,amick,red,amick,american,0,N/A,fd8fb04abd493224a5ded72a8950b9341cb4a923a02b867e33f18cf0d8b79eba,kaggle_drivers,2026-05-15 08:49:13
519,518,darter,duane,carter,american,0,N/A,5c6806afac7dfa3dad9c0ad63806fe7ea139f08acb0a43525be67217ae017faf,kaggle_drivers,2026-05-15 08:49:13
520,519,homeier,bill,homeier,american,0,N/A,f57e600d07bb5e7b585dee61b7f8d28fa04311790ef4e64e9f79babb9619768b,kaggle_drivers,2026-05-15 08:49:13
521,520,hartley,gene,hartley,american,0,N/A,99130f6950308aaa4b3d18c9d859c0d2631bcac02c7f078b9097151288730980,kaggle_drivers,2026-05-15 08:49:13
522,521,stevenson,chuck,stevenson,american,0,N/A,f4cbe68cf3957268dd3b3d14e446597621f506e6bef04baaa5a6e91729655b76,kaggle_drivers,2026-05-15 08:49:13
523,522,grim,bobby,grim,american,0,N/A,237f14e74e5e5db6fe69f905a0464658c2756d930ea53af1b374a51c1b509354,kaggle_drivers,2026-05-15 08:49:13
524,523,templeman,shorty,templeman,american,0,N/A,08e7dea402a08444a69d9c07aadd1c23ffa0760070e20bff051f6cf800068bb4,kaggle_drivers,2026-05-15 08:49:13
525,524,hurtubise,jim,hurtubise,american,0,N/A,237f92c488a4c6811da0a3bc7c36f3991b97591fa112687b92d50ad6dea376df,kaggle_drivers,2026-05-15 08:49:13
526,525,bryan,jimmy,bryan,american,0,N/A,99130f6950308aaa4b3d18c9d859c0d2631bcac02c7f078b9097151288730980,kaggle_drivers,2026-05-15 08:49:13
527,526,ruttman,troy,ruttman,american,0,N/A,8d373e9244db3bb94a7bf80eaffa964e07339dffeb818f737efc27a2f782dd3a,kaggle_drivers,2026-05-15 08:49:13
528,527,sachs,eddie,sachs,american,0,N/A,fce7b0ed001289025979e3f8033b9dde9cfeca6038537a2fd689480992c70eb6,kaggle_drivers,2026-05-15 08:49:13
529,528,freeland,don,freeland,american,0,N/A,1a81d7f6dcc718b4cfcb65fc3d12f927782191dbe35ee5b9813d4ac17275332d,kaggle_drivers,2026-05-15 08:49:13
530,529,bettenhausen,tony,bettenhausen,american,0,N/A,925b6794d3a09cb632f23a5e45ae0607657a704d822dbe18c9b9db16a2effad6,kaggle_drivers,2026-05-15 08:49:13
531,530,weiler,wayne,weiler,american,0,N/A,65dbaaba9f3370a7bb39b797c8bc8f91ab443512f76c5cd1e914773283b74139,kaggle_drivers,2026-05-15 08:49:13
532,531,foyt,anthony,foyt,american,0,N/A,47a193120060408529c8e9f93c64c0de4bc16c4f08802e8a3e14db35b5ed80b7,kaggle_drivers,2026-05-15 08:49:13
533,532,russo,eddie,russo,american,0,N/A,f7602f24c6307870bfe731e71f53f7afdf6d7897b5e345e17b97d9cd51c50427,kaggle_drivers,2026-05-15 08:49:13
534,533,boyd,johnny,boyd,american,0,N/A,17a81a32ce7d4d937516f5210865670f6257708b477c8c0fb56d8560afbc278a,kaggle_drivers,2026-05-15 08:49:13
535,534,force,gene,force,american,0,N/A,4448a3fd586a54f27979d3ad657dfa7d949921c55292973a15ccae2a7a57aeeb,kaggle_drivers,2026-05-15 08:49:13
536,535,mcwithey,jim,mcwithey,american,0,N/A,c7e753b502e08576b69a5022363b3310b7b3cf5ab03816632fab0825673ea23e,kaggle_drivers,2026-05-15 08:49:13
537,536,sutton,len,sutton,american,0,N/A,f180e3b07299465fc84d96164088f6aebe8e4dcbbfc4660da27f6e735b58c971,kaggle_drivers,2026-05-15 08:49:13
538,537,dick_rathmann,dick,rathmann,american,0,N/A,25e3b77fd81463342ae27a589265498f40bf410a18dc8e164b6934f7d96ab630,kaggle_drivers,2026-05-15 08:49:13
539,538,herman,al,herman,american,0,N/A,f0ed35feccf277a24c969d33116658934af1cb8492afac846f090f08e66f6321,kaggle_drivers,2026-05-15 08:49:13
540,539,dempsey_wilson,dempsey,wilson,american,0,N/A,989ca806a93dd9a2dc5c0a6ebccea11335162e7bbe858606de10e04b0540c15b,kaggle_drivers,2026-05-15 08:49:13
541,540,mike_taylor,mike,taylor,british,9,N/A,29d14bcbb95e9cd978dc633d6f17d4e79135f58ee2c994b381907545c2a1fab0,kaggle_drivers,2026-05-15 08:49:13
542,541,flockhart,ron,flockhart,british,9,N/A,2351db3f7646d0630de269f3975a9c3be1aa0561224dd4641cc01af872af30a6,kaggle_drivers,2026-05-15 08:49:13
543,542,piper,david,piper,british,9,N/A,78edc9dca6a4642f2cb883fbd1912632d7cff1e68c4879ce958282bfc2454b68,kaggle_drivers,2026-05-15 08:49:13
544,543,cabianca,giulio,cabianca,italian,25,N/A,5ed8f6138e0f2a3f93429b0c66ff11812abc9612b05cfb978b00c1d77a964a34,kaggle_drivers,2026-05-15 08:49:13
545,544,drogo,piero,drogo,italian,25,N/A,7d57c41c3c0a13c4455b451d5571b425b71fe9652e096605bddccb2ec58d0021,kaggle_drivers,2026-05-15 08:49:13
546,545,gamble,fred,gamble,american,0,N/A,4b9d0514d863abd24f540d5ed560dd17a55adc2dd6e9c699bbbd366151df9b18,kaggle_drivers,2026-05-15 08:49:13
547,546,owen,arthur,owen,british,9,N/A,aff96b10f3866e69f10271bc849d1115067f71839cdfe635a28ae2ac6b611c8a,kaggle_drivers,2026-05-15 08:49:13
548,547,gould,horace,gould,british,9,N/A,9427be3ae0df7c74ae1ebd5865b400a987fdae9860861d92a9dfc7c13985225e,kaggle_drivers,2026-05-15 08:49:13
549,548,drake,bob,drake,american,0,N/A,06486a118772f6ae6bf295345d05e0f80c11fc9c3c4f02a9111adc9587d91161,kaggle_drivers,2026-05-15 08:49:13
550,549,bueb,ivor,bueb,british,9,N/A,c38b66c3d3db581a2ac8aa8a6299c5c0c037305a0cf82a986f81445b0367a91a,kaggle_drivers,2026-05-15 08:49:13
551,550,Changy,alain,de changy,belgian,7,N/A,50fb89b4769b6b4c48e35e4e36ff25a9fc47ed844bc754eb8fb7b0ef2880fad1,kaggle_drivers,2026-05-15 08:49:13
552,551,filippis,maria,de filippis,italian,25,N/A,d54991a1d8902f1101ab0cbda8eeaccaf3734061e26cf18ed9275e635a25b29f,kaggle_drivers,2026-05-15 08:49:13
553,552,lucienbonnet,jean,lucienbonnet,french,19,N/A,73f8211bb9ec1d5c79c04785e603d5eb5661d60ddb8c30a1a40cb78224f2b587,kaggle_drivers,2026-05-15 08:49:13
554,553,testut,andre,testut,monegasque,30,N/A,95a990146cabe92ea3b02af86febd62dc2ba05c59c723970366f2229ee1820d1,kaggle_drivers,2026-05-15 08:49:13
555,554,behra,jean,behra,french,19,N/A,5e620719ac2289d174408a8b68a4abd5b9d9596479110b613a8219f40e79cc2d,kaggle_drivers,2026-05-15 08:49:13
556,555,paul_russo,paul,russo,american,0,N/A,7aec7789d747ad4a55fcab8d2ed6af550eb54a81fa242fe75af33ac59f555722,kaggle_drivers,2026-05-15 08:49:13
557,556,daywalt,jimmy,daywalt,american,0,N/A,d943eff76a113365ffa30d6b212e1aba1222892290e8f94f34634c82442cbfde,kaggle_drivers,2026-05-15 08:49:13
558,557,arnold,chuck,arnold,american,0,N/A,6a3f2340bd8a31008b4757e5a6ababd3f61e0a4d2699c8e106d1d782c905d1cf,kaggle_drivers,2026-05-15 08:49:13
559,558,keller,al,keller,american,0,N/A,769f5d70b91db273b5067591c1efbf24d316a9decdaa038e70390a68f3ef6e87,kaggle_drivers,2026-05-15 08:49:13
560,559,flaherty,pat,flaherty,american,0,N/A,359de5e0325f8a4d01dee9a1cc9aeac6f4c931fde879396542997446e6467b79,kaggle_drivers,2026-05-15 08:49:13
561,560,cheesbourg,bill,cheesbourg,american,0,N/A,41177fab7d4000fa1c36da03f117b023474a4b33f978c9e136df8152828f2b2e,kaggle_drivers,2026-05-15 08:49:13
562,561,ray_crawford,ray,crawford,american,0,N/A,542263f78bc5167992190792103ce1992fad380936cc2b907dea750b5be1e57a,kaggle_drivers,2026-05-15 08:49:13
563,562,turner,jack,turner,american,0,N/A,206acbc551dda73fea1d4961821da622fe3fca624a7b6da5c8f0702c335526e4,kaggle_drivers,2026-05-15 08:49:13
564,563,weyant,chuck,weyant,american,0,N/A,68c257e05f56194e739f63f1f6029088f67ba3f382c106f516afc3db934f3087,kaggle_drivers,2026-05-15 08:49:13
565,564,larson,jud,larson,american,0,N/A,e99b3ee7ba2f8a65ae9db8e9b4e8148888eb9cf1d447579c678cd1afcf37562a,kaggle_drivers,2026-05-15 08:49:13
566,565,magill,mike,magill,american,0,N/A,a59cab737ffa63cc6feea461a540e45011ccda5c90df2cd122ee8768795dd5d0,kaggle_drivers,2026-05-15 08:49:13
567,566,shelby,carroll,shelby,american,0,N/A,a88effbfb1b8a2a33c40027856029caf65f1d6d6fe0ce526630970ef3e9357e2,kaggle_drivers,2026-05-15 08:49:13
568,567,orey,fritz,d'orey,brazilian,8,N/A,c59a64acf688ee2ca985dc9369dd85fef65fafff60b7c1db9a7d4426ba7a3be2,kaggle_drivers,2026-05-15 08:49:13
569,568,fontes,azdrubal,fontes,uruguayan,41,N/A,bab420f454b75cd827b9bbfa9c43357e6d8749eb291e3208609c55179df7d90a,kaggle_drivers,2026-05-15 08:49:13
570,569,ashdown,peter,ashdown,british,9,N/A,79a2728e74778ec36ed87163a1aa997f1d5c76cd617ffa078e58dba67eb806f3,kaggle_drivers,2026-05-15 08:49:13
571,570,bill_moss,bill,moss,british,9,N/A,6863705bfa68a966a38e2636f0a92fcd98c6c50cdf1f38b71c252bc70cfa2d3c,kaggle_drivers,2026-05-15 08:49:13
572,571,dennis_taylor,dennis,taylor,british,9,N/A,4224544116466743381a6d5b524f5586a22565028684a38eab8d0a5d59cc78c3,kaggle_drivers,2026-05-15 08:49:13
573,572,blanchard,harry,blanchard,american,0,N/A,19cfe0c1659f936595b85ab4d167468005995fb3e1f0c36d233fc45ae3515274,kaggle_drivers,2026-05-15 08:49:13
574,573,tomaso,alessandro,de tomaso,argentine-italian,3,N/A,c0388ba2c9840253bb2354b9e7ab33681cc0411a1fb10aa09ed780b31619856e,kaggle_drivers,2026-05-15 08:49:13
575,574,constantine,george,constantine,american,0,N/A,dbd3101a34330816d5b5ba3c763e1093a76eb310f9ab4942bde93bdb2542155f,kaggle_drivers,2026-05-15 08:49:13
576,575,said,bob,said,american,0,N/A,5f141b5016092f3e5a13772e2b91ab1f1eb77e0d1f14cde4073a4ee4684af799,kaggle_drivers,2026-05-15 08:49:13
577,576,cade,phil,cade,american,0,N/A,18c4bd2973cbff983d1fc16ea92c95677274258b2f8c07d48a05842bd8156758,kaggle_drivers,2026-05-15 08:49:13
578,577,musso,luigi,musso,italian,25,N/A,6fd1823af2dde1382fee93d5d3b4f9fea6fe11d9526874c7c2632f441ffedcf6,kaggle_drivers,2026-05-15 08:49:13
579,578,hawthorn,mike,hawthorn,british,9,N/A,10c95f89d2a793a4aa1b11fef409ce29d39c4fd88b37f5d3cf9cd69557a0f2de,kaggle_drivers,2026-05-15 08:49:13
580,579,fangio,juan,fangio,argentine,2,N/A,307cefdabaacdaf6631894fb94d111ea8aad54a4c022bebdfcc71d2336999345,kaggle_drivers,2026-05-15 08:49:13
581,580,godia,paco,godia,spanish,37,N/A,8f550777c97ac506400a10f507d0b0b7f75809fb416a153901c5fb954a7b2ffd,kaggle_drivers,2026-05-15 08:49:13
582,581,collins,peter,collins,british,9,N/A,0d4d46da62d79287773729808d3ea00a29c0ca3bbad0fc3e7386d479b1a8d0c1,kaggle_drivers,2026-05-15 08:49:13
583,582,kavanagh,ken,kavanagh,australian,5,N/A,30a2bd5a2934dfd8818146b9b8116aab164bf44ddb02bc3fe66a2a3393963d9a,kaggle_drivers,2026-05-15 08:49:13
584,583,gerini,gerino,gerini,italian,25,N/A,b77478a48451a5261092a36b5e3d391af54cf3814b94cbbbbfd1b1791fd15dcf,kaggle_drivers,2026-05-15 08:49:13
585,584,kessler,bruce,kessler,american,0,N/A,2ee4b618c8e99c29e3e3b7d19ccb8de72f6fa16ef00f3996eda1c6a9ec6bd7db,kaggle_drivers,2026-05-15 08:49:13
586,585,emery,paul,emery,british,9,N/A,5998c9a048ec5ed51ad5645a04c81624bc2a94870467de091c2e6e611520cef3,kaggle_drivers,2026-05-15 08:49:13
587,586,piotti,luigi,piotti,italian,25,N/A,1d65f88eeef0e0cef87641d97679982ea72236e2adfdbab78f4ecdd52fe542d4,kaggle_drivers,2026-05-15 08:49:13
588,587,ecclestone,bernie,ecclestone,british,9,N/A,33f10fffcc33527a08c2fddb4364a77eb68e69a30f76950e876e5fdd4fc96cca,kaggle_drivers,2026-05-15 08:49:13
589,588,taramazzo,luigi,taramazzo,italian,25,N/A,5f141b5016092f3e5a13772e2b91ab1f1eb77e0d1f14cde4073a4ee4684af799,kaggle_drivers,2026-05-15 08:49:13
590,589,chiron,louis,chiron,monegasque,30,N/A,456e4396b53f65a92ecf03d4a59660374c13813539f31128bb4ce8e04542cdb5,kaggle_drivers,2026-05-15 08:49:13
591,590,lewis-evans,stuart,lewis-evans,british,9,N/A,fa2b4bee4a59c91ba7f8aee7bd3f2356a0a2c3e924acbc0909032291ae285293,kaggle_drivers,2026-05-15 08:49:13
592,591,george_amick,george,amick,american,0,N/A,7ef007cd06868fb5568dbc85bc1e9dee06ced6aa1360fc7a994d9e89738ebc3b,kaggle_drivers,2026-05-15 08:49:13
593,592,reece,jimmy,reece,american,0,N/A,aaee29d6a57377a670b94c03dc7dda9782f9182124b83e73bd01d06a7214ea6d,kaggle_drivers,2026-05-15 08:49:13
594,593,parsons,johnnie,parsons,american,0,N/A,44a472912f63d48e1f43326b79ef775504f9aae00b1eeeddc5db61ace382af88,kaggle_drivers,2026-05-15 08:49:13
595,594,tolan,johnnie,tolan,american,0,N/A,165af0e17c9c946db3225bd2dbcfb15b5d756c9cc9c0f6bd3da981e021185e1b,kaggle_drivers,2026-05-15 08:49:13
596,595,garrett,billy,garrett,american,0,N/A,2f338a0e9e27a41e0e1ee4b389ad3366da5fa7922f242ccdf58e349ecaea2763,kaggle_drivers,2026-05-15 08:49:13
597,596,elisian,ed,elisian,american,0,N/A,dc60bfdf7734cad58cdb8a118657d54c73ba8e8f39349e4f927bd19bdf84f56d,kaggle_drivers,2026-05-15 08:49:13
598,597,connor,pat,o'connor,american,0,N/A,6b8103760918d086a61e96cfef59b6a01d79d65c3edc3162bdb0064e47147f98,kaggle_drivers,2026-05-15 08:49:13
599,598,jerry_unser,jerry,unser,american,0,N/A,a9734b1dd3e5a65a9c0949b565c19c044dc04d8e2a33831382f52247cb87ed16,kaggle_drivers,2026-05-15 08:49:13
600,599,bisch,art,bisch,american,0,N/A,4a8c4c286f1827518949179a931b5a39c3bdc6b8036eabc5866fdb02333a7b64,kaggle_drivers,2026-05-15 08:49:13
601,600,goethals,christian,goethals,belgian,7,N/A,42df41575da2e7beb40ffd541d4273839e5205bd173b78260cfacd544a54c9ad,kaggle_drivers,2026-05-15 08:49:13
602,601,gibson,dick,gibson,british,9,N/A,bc17c64df8f3c35d6900350be1d2a6cd8c1236a78fdcda63087dd24d6d9d180b,kaggle_drivers,2026-05-15 08:49:13
603,602,la_caze,robert,la caze,french,19,N/A,0d84f652036ae67f9296cb68d24caa237c013eec4415c545b201f5566da60e17,kaggle_drivers,2026-05-15 08:49:13
604,603,guelfi,andre,guelfi,french,19,N/A,8fc9f238a02fe25d2ba9ecfcb632def4fcebe91f29584544fd2f77a6764971a7,kaggle_drivers,2026-05-15 08:49:13
605,604,picard,francois,picard,french,19,N/A,3e332ce84f36643681a568b6354c20ca45bc20dfcdb684c1ea2989b3be955234,kaggle_drivers,2026-05-15 08:49:13
606,605,bridger,tom,bridger,british,9,N/A,493812637447573bda9fabe591db496cebf7294b8a368bba54e5647557a0a37f,kaggle_drivers,2026-05-15 08:49:13
607,606,portago,alfonso,de portago,spanish,37,N/A,fe544ea119f59d6446b484854da714d5710ca1cd63d9cfe42cda642d5f48680a,kaggle_drivers,2026-05-15 08:49:13
608,607,perdisa,cesare,perdisa,italian,25,N/A,498f70860dd648dc1c408ab82add830198326075a568daafb549a471a2996731,kaggle_drivers,2026-05-15 08:49:13
609,608,castellotti,eugenio,castellotti,italian,25,N/A,2461288bd41518358abe17b3c3190a922234664556cde8ec47a7c877a065aae0,kaggle_drivers,2026-05-15 08:49:13
610,609,simon,andre,simon,french,19,N/A,8029870bc8373177a1111e3adf6b84baf1be41f854dd65ec80f4f3cb57742d2f,kaggle_drivers,2026-05-15 08:49:13
611,610,leston,les,leston,british,9,N/A,ad56334beaa3cb27a5abee1cf472e7f43ad99585a19a5770cc2fe5b330f67afb,kaggle_drivers,2026-05-15 08:49:13
612,611,hanks,sam,hanks,american,0,N/A,e6a5bc278055920de28a9616b56647aa6b1c370d18d6e6bc9d44872e82624c13,kaggle_drivers,2026-05-15 08:49:13
613,612,linden,andy,linden,american,0,N/A,b33e30fe3047cfd7351396b56816638a0d56a09768faca9c3d0716ab8df240d7,kaggle_drivers,2026-05-15 08:49:13
614,613,teague,marshall,teague,american,0,N/A,ec91f13bbf7c38c10d16dabf3d9401b84914901515e5de0fa992d80cf3113cda,kaggle_drivers,2026-05-15 08:49:13
615,614,edmunds,don,edmunds,american,0,N/A,33fbc0dacd8a6ad12c1f25d45f08d53a2e7a2c5cf11517093ed2190f3fc35970,kaggle_drivers,2026-05-15 08:49:13
616,615,agabashian,fred,agabashian,american,0,N/A,1104de8d0856b715c7180d59d5dafa29eca8b01f73c4232c4dca25932a96c754,kaggle_drivers,2026-05-15 08:49:13
617,616,george,elmer,george,american,0,N/A,8af5921668e45f6f714e3a3c06a0b8fccda4f02be30205eb4505300fc737bf9d,kaggle_drivers,2026-05-15 08:49:13
618,617,macdowel,mike,macdowel,british,9,N/A,9232552ee38d259206af25795f14dc35254d2f35e41082758fd610b521fecf24,kaggle_drivers,2026-05-15 08:49:13
619,618,mackay-fraser,herbert,mackay-fraser,american,0,N/A,e39b1684c6893079c3bec42c036327fdc5eb6be73efe6ae43ded2edff5176c33,kaggle_drivers,2026-05-15 08:49:13
620,619,gerard,bob,gerard,british,9,N/A,b94f0c4ce4ad231a9cc684f420ce5f674b4ea26ac651704bc43c7c357eee9088,kaggle_drivers,2026-05-15 08:49:13
621,620,maglioli,umberto,maglioli,italian,25,N/A,d337a297b799c1390d532aadad66c31f67fc0cd67c963992f04ad52f72d0c02c,kaggle_drivers,2026-05-15 08:49:13
622,621,england,paul,england,australian,5,N/A,f291736f0c16954c2b6c5abbd2868edc82937c940d1f40b1a330bdb998560174,kaggle_drivers,2026-05-15 08:49:13
623,622,landi,chico,landi,brazilian,8,N/A,9c0c50e81bc1e69418479ce1c4e80208672e8481e42e45bbbe73da5dec811253,kaggle_drivers,2026-05-15 08:49:13
624,623,uria,alberto,uria,uruguayan,41,N/A,e221294d47e3fb54035fd40678c1febf398399fabc05f4f6f38a9b296b12fe7c,kaggle_drivers,2026-05-15 08:49:13
625,624,ramos,hernando,da silva ramos,brazilian,8,N/A,b400901fa8a18eaf7dacf82b13613bb19266b5c46bf5faa47512584f60ecfb3b,kaggle_drivers,2026-05-15 08:49:13
626,625,bayol,elie,bayol,french,19,N/A,32d39ee225c979f225a62464dabfc3172c4ab86129a83e7ce4556010013ec6b7,kaggle_drivers,2026-05-15 08:49:13
627,626,manzon,robert,manzon,french,19,N/A,f7c9c41a781ea5584ad0a74f479d89930a967032e4e790045d07cc79c70aae30,kaggle_drivers,2026-05-15 08:49:13
628,627,rosier,louis,rosier,french,19,N/A,bc4376b78a8480711bf012a931c372bc039d5c04d69829fc0285022595bae7d4,kaggle_drivers,2026-05-15 08:49:13
629,628,sweikert,bob,sweikert,american,0,N/A,524185dc0587ed7cf5a060f4dab6de76360856d8d6932456535f691c053f8ae7,kaggle_drivers,2026-05-15 08:49:13
630,629,griffith,cliff,griffith,american,0,N/A,2e8e541162a8842439f6296c13d23ef4330d6cfb2696c83fec4d47c289d35edd,kaggle_drivers,2026-05-15 08:49:13
631,630,dinsmore,duke,dinsmore,american,0,N/A,d40e49ede25d8587d87155fd3bc4452da4ec5469cb0fc8e8f7efc67993b96139,kaggle_drivers,2026-05-15 08:49:13
632,631,andrews,keith,andrews,american,0,N/A,8a987ebc89a3d023804050d56bf6eb8a28a15fd743fcd6b79be65e1103cc91cd,kaggle_drivers,2026-05-15 08:49:13
633,632,frere,paul,frere,belgian,7,N/A,4976b4ba66c30da0e83648443323a2908aedf3e5712a977cb6d7817a6ccffe12,kaggle_drivers,2026-05-15 08:49:13
634,633,villoresi,luigi,villoresi,italian,25,N/A,ad9ef467fb9434389fb8573db11d86a71d68fc8eb20d7a4bd6d05a184f14fcea,kaggle_drivers,2026-05-15 08:49:13
635,634,scotti,piero,scotti,italian,25,N/A,72dcde05e9e532067d07dc68b3ac606926cc07d93d360f0265605503e0f57297,kaggle_drivers,2026-05-15 08:49:13
636,635,chapman,colin,chapman,british,9,N/A,a2b0bf67cd142f4f873a302e95f87e1378c48bff42b265ac3c2624cc81c9751c,kaggle_drivers,2026-05-15 08:49:13
637,636,titterington,desmond,titterington,british,9,N/A,b307d59469df70b29db0ca953ce0a1cddf589223adef29e9c06648b728d4fd71,kaggle_drivers,2026-05-15 08:49:13
638,637,scott_Brown,archie,scott brown,british,9,N/A,c989744695a46066e89839451ab2523247dbdeb5b2573a8232c3ab744bf2cff5,kaggle_drivers,2026-05-15 08:49:13
639,638,volonterio,ottorino,volonterio,swiss,39,N/A,ca5c4bb9179a21594d57540ec6c06cb18137716e956c089bdb95b2461029e65e,kaggle_drivers,2026-05-15 08:49:13
640,639,milhoux,andre,milhoux,belgian,7,N/A,4394d2a19837e59aa3eda4fc9024e62bc3c96eec38f73cb240c884927b3b3585,kaggle_drivers,2026-05-15 08:49:13
641,640,graffenried,toulo,de graffenried,swiss,39,N/A,4f581203ad8339febfadb38b90e9fb3ffcd3b713af3b2871d7c50d6bc4bd4198,kaggle_drivers,2026-05-15 08:49:13
642,641,taruffi,piero,taruffi,italian,25,N/A,20493619e38b130392ea4252630c9b9c770b44ea3382943f99a9eb762f71229d,kaggle_drivers,2026-05-15 08:49:13
643,642,farina,nino,farina,italian,25,N/A,5360511addceff62733880741bdbccf54d6de8766a46f49a8ca4dd063b86206a,kaggle_drivers,2026-05-15 08:49:13
644,643,mieres,roberto,mieres,argentine,2,N/A,42b4c03af25b1cc6655bcc34b54808c311fb39f5a033030f542b8c4d4b932796,kaggle_drivers,2026-05-15 08:49:13
645,644,mantovani,sergio,mantovani,italian,25,N/A,f18112bbcb92406e0c19743bb2155b925c4e79d634020c6da926e929316eeb97,kaggle_drivers,2026-05-15 08:49:13
646,645,bucci,clemar,bucci,argentine,2,N/A,6ca000570e2c88187f0c60295885e0a66718918f69e1876d38f329692c4f7753,kaggle_drivers,2026-05-15 08:49:13
647,646,iglesias,jesus,iglesias,argentine,2,N/A,4893c22f329275ec4151271454e660d8a5671258cbcffbe207db5259c3929262,kaggle_drivers,2026-05-15 08:49:13
648,647,ascari,alberto,ascari,italian,25,N/A,c28f6f6762fcca57eb1b00221ffbea584db70f129c6753763887dc47bf454386,kaggle_drivers,2026-05-15 08:49:13
649,648,kling,karl,kling,german,20,N/A,c1218d53af092c299b4db80af38f6ece1d62e07f4559754c3893a2a5fa89780a,kaggle_drivers,2026-05-15 08:49:13
650,649,birger,pablo,birger,argentine,2,N/A,521df93795b8c9549499b627e50c99de162ab2475b86e706b0cd7b1630dcaca2,kaggle_drivers,2026-05-15 08:49:13
651,650,pollet,jacques,pollet,french,19,N/A,e96a0f3b9e189f4a92b4d8b3cea7527ffb2f668574a3ab4eb0915e8171fed22e,kaggle_drivers,2026-05-15 08:49:13
652,651,macklin,lance,macklin,british,9,N/A,cbea5bb8f13a66c01aecfc49383ff13b7adebb373557fb94977279eb1c2bb692,kaggle_drivers,2026-05-15 08:49:13
653,652,whiteaway,ted,whiteaway,british,9,N/A,2abf69f79d4ce39bc3a2d2ee5832e36904e5fb88a1d2b164f7eb1cca03664633,kaggle_drivers,2026-05-15 08:49:13
654,653,davies,jimmy,davies,american,0,N/A,a63122511fdade6fb36f2f37918dbbcc216c019d1d1ae9de790354a31a204b17,kaggle_drivers,2026-05-15 08:49:13
655,654,faulkner,walt,faulkner,american,0,N/A,bf93c53a1cea5ced40612d821074611496c3068028816fc732bdf7db5d6d21b4,kaggle_drivers,2026-05-15 08:49:13
656,655,niday,cal,niday,american,0,N/A,f09e80ef7461ff950a4db3e3feacc0ada612e0961479717116ff62bb1a61eb12,kaggle_drivers,2026-05-15 08:49:13
657,656,cross,art,cross,american,0,N/A,bd65d9a22115126e4caefe75292b827d55404ab255b7694097c947385e31c9e6,kaggle_drivers,2026-05-15 08:49:13
658,657,vukovich,bill,vukovich,american,0,N/A,c5765af90e84a72100589ee3b219c69232ad45bb9738694521cd342f1877b734,kaggle_drivers,2026-05-15 08:49:13
659,658,mcgrath,jack,mcgrath,american,0,N/A,19a0c9bf9dbf437bcc9294856df1eda1b005d52268d0d7d7cface16569a02ce8,kaggle_drivers,2026-05-15 08:49:13
660,659,hoyt,jerry,hoyt,american,0,N/A,3b72455a267ad6e8b9355e84c8dc7ce0e9d4e7b1b37fc3fa5b4e216fa0bed44e,kaggle_drivers,2026-05-15 08:49:13
661,660,claes,johnny,claes,belgian,7,N/A,9c25aa6f2b8ee57faf8d79a8bb44e31050fc1184f392f3a9371824ee38ba157e,kaggle_drivers,2026-05-15 08:49:13
662,661,peter_walker,peter,walker,british,9,N/A,8e8f890e21feb3ce9163f9b0643f973a993cfd545276bbd9f77e53741e7bf6c2,kaggle_drivers,2026-05-15 08:49:13
663,662,sparken,mike,sparken,french,19,N/A,cbb741e9e02c31e34725b9eef1eacabc464fe68a10ea02bdf09880a1db9d7c33,kaggle_drivers,2026-05-15 08:49:13
664,663,wharton,ken,wharton,british,9,N/A,2d9d90b7daa81ec03ac8838577f9cf7367dc857fd17bbc83a5d5f33693527f8f,kaggle_drivers,2026-05-15 08:49:13
665,664,mcalpine,kenneth,mcalpine,british,9,N/A,c6c9af76269f9b03e5b2d65716e16a5ea000a0cae92c79dc80b1682e257697c3,kaggle_drivers,2026-05-15 08:49:13
666,665,marr,leslie,marr,british,9,N/A,05191ec477e9c9bf585492aa914058c4b6d77b0e09a89dda9040428a98ffbd2c,kaggle_drivers,2026-05-15 08:49:13
667,666,rolt,tony,rolt,british,9,N/A,7a5d8cd53eb6eafe22c1464b8e79e4e06e62eeceaa91714beaeb64597571a17c,kaggle_drivers,2026-05-15 08:49:13
668,667,fitch,john,fitch,american,0,N/A,632cb2c3465b6705752820361ccd69b79fce20070fb39f945277922023007c4f,kaggle_drivers,2026-05-15 08:49:13
669,668,lucas,jean,lucas,french,19,N/A,24528271e16d553cd087a458753f7d5855475bdb126e4a4e0fc2bbda3e95f6bb,kaggle_drivers,2026-05-15 08:49:13
670,669,bira,prince,bira,thai,40,N/A,86147ca0b02be6291104a9d28cfdf6648e8898144c7c747e5068c8f16bd562e1,kaggle_drivers,2026-05-15 08:49:13
671,670,marimon,onofre,marimon,argentine,2,N/A,720974d525810ce61c49c60151931da155f3cb25bb59462e4d21fbee7936ac15,kaggle_drivers,2026-05-15 08:49:13
672,671,loyer,roger,loyer,french,19,N/A,2aea3a4604858379f3b1ca8d059406b3d7d2ea2e1729fdf47553f0ff402f5db2,kaggle_drivers,2026-05-15 08:49:13
673,672,daponte,jorge,daponte,argentine,2,N/A,4f7ad8f974c50415f127632b15119eaf8fbe6d4841546d72c3a45793c44fc039,kaggle_drivers,2026-05-15 08:49:13
674,673,nazaruk,mike,nazaruk,american,0,N/A,eec23097537cbbed8f08ac909591e8a715d7a7767bbf1ce4a512511daeafe594,kaggle_drivers,2026-05-15 08:49:13
675,674,crockett,larry,crockett,american,0,N/A,3071ce9caed463b46a6215f8c49e43817187a91bca46f260337ec84eed45c776,kaggle_drivers,2026-05-15 08:49:13
676,675,ayulo,manny,ayulo,american,0,N/A,5a2436ef2e143dc2839ea1fa5ec54463f1bc257d1528ce5b7a55c228a4d2f686,kaggle_drivers,2026-05-15 08:49:13
677,676,armi,frank,armi,american,0,N/A,edba5572823cd6c5ebf53f6d59645e65cdab205cddb64f6842d450912a5567e6,kaggle_drivers,2026-05-15 08:49:13
678,677,webb,travis,webb,american,0,N/A,0f5e9422a2ae1a3e59419e8752cde8240deeb41547372dcc896f41a94c7eb20a,kaggle_drivers,2026-05-15 08:49:13
679,678,duncan,len,duncan,american,0,N/A,254f9c1b97b6c8f10475fbcdbaf242bd6e2f4402961eb929b7bba3f8c1d9c253,kaggle_drivers,2026-05-15 08:49:13
680,679,mccoy,ernie,mccoy,american,0,N/A,a89fa25db4783c39e235e7b7c605c9130b4194a8afd9332b043a876fe623ce1a,kaggle_drivers,2026-05-15 08:49:13
681,680,swaters,jacques,swaters,american,0,N/A,f51a48a4908a3c231f91178469d263496ddfeecec26e72909c981700767963fe,kaggle_drivers,2026-05-15 08:49:13
682,681,georges_berger,georges,berger,belgian,7,N/A,e16464c2499383b530ae5a15b379198c6c32f50d10804a186cbfc476b6517650,kaggle_drivers,2026-05-15 08:49:13
683,682,beauman,don,beauman,british,9,N/A,d56f076bf21af8b1f06c2dd95372906b42a41cfdb16e6b214ec0c4a557638972,kaggle_drivers,2026-05-15 08:49:13
684,683,thorne,leslie,thorne,british,9,N/A,ab8e5c765023e1fb7e7e9614b9c941a5b58ebbe007b01891440a4496040e50da,kaggle_drivers,2026-05-15 08:49:13
685,684,whitehouse,bill,whitehouse,british,9,N/A,ebc85fca50ea02386650167a08b07778b308d7d8258aebfb59b9e6f62612dc7c,kaggle_drivers,2026-05-15 08:49:13
686,685,riseley_prichard,john,riseley-prichard,british,9,N/A,ebbe821a53bb8d3731fd1e045821694c60348904b6a451976ff8f1f53e910923,kaggle_drivers,2026-05-15 08:49:13
687,686,reg_parnell,reg,parnell,british,9,N/A,5e845f4c514dbce14905749d2f1b67ec5f944e4e48a3bffbe759ca98e4d43cec,kaggle_drivers,2026-05-15 08:49:13
688,687,whitehead,peter,whitehead,british,9,N/A,23de3551586a4f7f34524ee2eef01f2f1ddf4e791f13b95b578a773bc7517b27,kaggle_drivers,2026-05-15 08:49:13
689,688,brandon,eric,brandon,british,9,N/A,c8c2d90f95f1b1b19da140495f232082e296035f1bc24c994172cd8e4ac5021c,kaggle_drivers,2026-05-15 08:49:13
690,689,alan_brown,alan,brown,british,9,N/A,722f9507c32ba7f606707c84a5fe6df7f9431040fde40f512aa88205039ad623,kaggle_drivers,2026-05-15 08:49:13
691,690,nuckey,rodney,nuckey,british,9,N/A,a092507643e217dbe0912732c10ab352173e120fe45b6e04cf1828d24bdfbe0d,kaggle_drivers,2026-05-15 08:49:13
692,691,lang,hermann,lang,german,20,N/A,9b12d906347b0bda5f77dab74aedec7c7a80701a5690b9c7fcd890be445c7a79,kaggle_drivers,2026-05-15 08:49:13
693,692,helfrich,theo,helfrich,german,20,N/A,bb3e03c36ce15cc230b0c212572ea4f632a5b9afc3ed039d63026d8e52b95111,kaggle_drivers,2026-05-15 08:49:13
694,693,wacker,fred,wacker,american,0,N/A,fdbe6c3ac420bc9b805ffa6e780da868d696a6e8d938e408e0a04f529ae943fe,kaggle_drivers,2026-05-15 08:49:13
695,694,riu,giovanni,de riu,italian,25,N/A,5c3fb861d5f064c7cb9cbf3387ce8079f259c865718ff2ccbe2b1ac7799e6408,kaggle_drivers,2026-05-15 08:49:13
696,695,galvez,oscar,galvez,argentine,2,N/A,12c3f8881aa28ffc06b8afd23cb65bedc78e5ea70c0dcdf9e3d49832a399b4dd,kaggle_drivers,2026-05-15 08:49:13
697,696,john_barber,john,barber,british,9,N/A,01fb35d461c42ca615af4f1777aab031b5539d0a14174a0f4070f86025778605,kaggle_drivers,2026-05-15 08:49:13
698,697,bonetto,felice,bonetto,italian,25,N/A,073b438b1efa4db4e60f410535117853d21b36bce8b8fd0426f3d9a712f96fbb,kaggle_drivers,2026-05-15 08:49:13
699,698,cruz,adolfo,cruz,argentine,2,N/A,e890a3b8a7f0234a61b247536f9d3fb557e43e7bfc38f938e1d6d490a43cfaca,kaggle_drivers,2026-05-15 08:49:13
700,699,nalon,duke,nalon,american,0,N/A,1035b9715c9cbc93a1104123c1c6fc2f37af22776f5be0e8b1a5da1db02f7585,kaggle_drivers,2026-05-15 08:49:13
701,700,scarborough,carl,scarborough,american,0,N/A,ef16222d163daca0c4e5c695f791ffb0e232163a034851f8911d611a5926212e,kaggle_drivers,2026-05-15 08:49:13
702,701,holland,bill,holland,american,0,N/A,967eb0ec99ac8d279003b95248a23a6a7c1f8545ff9888530120f7643b55ea6a,kaggle_drivers,2026-05-15 08:49:13
703,702,bob_scott,bob,scott,american,0,N/A,98c1e79a7d325801970ca6a1c463dd542636b6a145f099406b1f0d791e7b0022,kaggle_drivers,2026-05-15 08:49:13
704,703,legat,arthur,legat,belgian,7,N/A,5736ff09c65ed1fad50cade12e88d4ad734e12d4a08d9327acffed591e910d12,kaggle_drivers,2026-05-15 08:49:13
705,704,cabantous,yves,cabantous,french,19,N/A,34b4c676b43209a3144641999f447b84f02a77809cd4c7438223a1d2822a1392,kaggle_drivers,2026-05-15 08:49:13
706,705,crook,tony,crook,british,9,N/A,bf93c53a1cea5ced40612d821074611496c3068028816fc732bdf7db5d6d21b4,kaggle_drivers,2026-05-15 08:49:13
707,706,jimmy_stewart,jimmy,stewart,british,9,N/A,3a531dbf60e33bcbc744e8c9e696c301d73bd9988f2dc19792f80f38a1ca398a,kaggle_drivers,2026-05-15 08:49:13
708,707,ian_stewart,ian,stewart,british,9,N/A,a7d6c9f70aa4536672fdc3d5bf23afc5408c7b9d537d2bb6d51420141ef6afc9,kaggle_drivers,2026-05-15 08:49:13
709,708,duncan_hamilton,duncan,hamilton,british,9,N/A,6ec04e1f87d30028a93419a8b1b82a622200bbf5772f47228ee34004a34e3727,kaggle_drivers,2026-05-15 08:49:13
710,709,klodwig,ernst,klodwig,east german,17,N/A,d204672bb52e6c179ea25ab76fc3d6e862b385a10ed93de232f2ffb2670912f6,kaggle_drivers,2026-05-15 08:49:13
711,710,krause,rudolf,krause,east german,17,N/A,861405e217484ea7325fee5878f2ad6fa112de8df2bff3ba50a1123637ac0e04,kaggle_drivers,2026-05-15 08:49:13
712,711,karch,oswald,karch,german,20,N/A,a08ed3e76f7b949496d6b820d6fd32fc38d389ced6ca632bffa5a224b6ad8c9b,kaggle_drivers,2026-05-15 08:49:13
713,712,heeks,willi,heeks,german,20,N/A,68973dc802d4bb4e54055a7e68e5a83428b2793b3fa697d57a22e1d87efb71cc,kaggle_drivers,2026-05-15 08:49:13
714,713,fitzau,theo,fitzau,east german,17,N/A,21a9e1f19a39b481c95e137df1ce2430650071f4b958e72aa2f230a60bde3937,kaggle_drivers,2026-05-15 08:49:13
715,714,adolff,kurt,adolff,german,20,N/A,55a2379de28b4c8c90cae311be371b3f99e74b10e29300312255f7ab666a8bd1,kaggle_drivers,2026-05-15 08:49:13
716,715,bechem,gunther,bechem,german,20,N/A,00dda0e645e740a4e06943454c1a1a05fb3f9400cf09ffba98707721e1ddb5fe,kaggle_drivers,2026-05-15 08:49:13
717,716,bauer,erwin,bauer,german,20,N/A,6b81043df9de0e1739d9c62c49241587b84776023a46e713ea446372a84f2def,kaggle_drivers,2026-05-15 08:49:13
718,717,hans_stuck,hans,von stuck,german,20,N/A,197cd0440eb99015ceeeff164a64e49086d697719c3e915f99381da50202e8a8,kaggle_drivers,2026-05-15 08:49:13
719,718,loof,ernst,loof,german,20,N/A,b82fccb7a10ac3f1d49d0f0e84623e435e5d19fa818fd1844ee3057dbfdb12a3,kaggle_drivers,2026-05-15 08:49:13
720,719,scherrer,albert,scherrer,swiss,39,N/A,b7e2864f0b1208f6e6b81f4ee3eb559678102aa8e754ab1a93ef6d0d2d532fe2,kaggle_drivers,2026-05-15 08:49:13
721,720,terra,max,de terra,swiss,39,N/A,4083bb7b62dc16370f1197946b7bb23752c15a55039761a077a1deaf5ca7629b,kaggle_drivers,2026-05-15 08:49:13
722,721,hirt,peter,hirt,swiss,39,N/A,39921d00174d0cfea3ff4b48a4cbd7d9148e922ac411ad7ea63e97bd914f0bc0,kaggle_drivers,2026-05-15 08:49:13
723,722,carini,piero,carini,italian,25,N/A,e7ef54869b7dc211a8e773e5a481be4f6521b4836d45fb90b87e60eab3f438fb,kaggle_drivers,2026-05-15 08:49:13
724,723,fischer,rudi,fischer,swiss,39,N/A,40057265ee6d20098f5b42736c1deceb2fab71029bf9c79f88cb83c26eb674af,kaggle_drivers,2026-05-15 08:49:13
725,724,ulmen,toni,ulmen,german,20,N/A,020c99d7e4d76d00e8b51c686a2f4a641d747c9ec31da66054cda44eac2c50dd,kaggle_drivers,2026-05-15 08:49:13
726,725,abecassis,george,abecassis,british,9,N/A,510489b6c8cadc61503bc04a2735e6bc4829c8e2965344e5a68f952d0fcbf597,kaggle_drivers,2026-05-15 08:49:13
727,726,george_connor,george,connor,american,0,N/A,e2719cd6dc5843848227e93c7632c35759c292529b30fbf907f2f0c613249629,kaggle_drivers,2026-05-15 08:49:13
728,727,rigsby,jim,rigsby,american,0,N/A,c38b66c3d3db581a2ac8aa8a6299c5c0c037305a0cf82a986f81445b0367a91a,kaggle_drivers,2026-05-15 08:49:13
729,728,james,joe,james,american,0,N/A,bea0cad62e46ab5c2bbb16b4961087494969a3eea6b23f309be5d0e853c0b13d,kaggle_drivers,2026-05-15 08:49:13
730,729,schindler,bill,schindler,american,0,N/A,50a75c0739de4adc98a6f2db1eaa3308f23b94f350e9112ad83940b84edb0b59,kaggle_drivers,2026-05-15 08:49:13
731,730,fonder,george,fonder,american,0,N/A,ad498de8a8a969ff96758d77874ba6ee0949b53d9c56e04289d36c97a744d81a,kaggle_drivers,2026-05-15 08:49:13
732,731,banks,henry,banks,american,0,N/A,8060ccc80585f8f2b07ff7982ebead354bfaf4b346a1740a774a5238ca8b941f,kaggle_drivers,2026-05-15 08:49:13
733,732,mcdowell,johnny,mcdowell,american,0,N/A,9a08cec15525334eefbae26a2c13557540acb9a47d4e498bd956bd1254097602,kaggle_drivers,2026-05-15 08:49:13
734,733,miller,chet,miller,american,0,N/A,58e946969b3a0882e8260516fef325ed99219fe0e486962c347557bab6615974,kaggle_drivers,2026-05-15 08:49:13
735,734,ball,bobby,ball,american,0,N/A,1a5427d8d32fc8063d79c4e55447d796988323af0889cdfd28439c808cce184e,kaggle_drivers,2026-05-15 08:49:13
736,735,tornaco,charles,de tornaco,belgian,7,N/A,fc60008de18ca742ef1995788919585407606c26d5018f48a9bb403d4bc69e51,kaggle_drivers,2026-05-15 08:49:13
737,736,laurent,roger,laurent,belgian,7,N/A,2d86d0c5bae3817d2767c3c37d7e159348c60db1f9a08b5ba18a59927008f838,kaggle_drivers,2026-05-15 08:49:13
738,737,obrien,robert,o'brien,american,0,N/A,e8afadbbb0205a555bfab115214013e2c0eb96808b4818b154bb95f53ab9492e,kaggle_drivers,2026-05-15 08:49:13
739,738,gaze,tony,gaze,australian,5,N/A,89dc6d576fa0831e4b68d0ff0e8d26432b8cbf29e6decf9445c4be5623bdd119,kaggle_drivers,2026-05-15 08:49:13
740,739,charrington,robin,montgomerie-charrington,british,9,N/A,332dd06454701743cfc16a4a15c251b2665184e5d114a2a1d61d435f696a4ede,kaggle_drivers,2026-05-15 08:49:13
741,740,comotti,franco,comotti,italian,25,N/A,9f6eae35c4002b710c5e1cb0ccbf8970b808a39d6951af33d7e133d4f412e647,kaggle_drivers,2026-05-15 08:49:13
742,741,etancelin,philippe,etancelin,french,19,N/A,6639af53bb3f929c35f547e3eaa5af2f47a7cd01c3221fab06da2c2a8b3258c9,kaggle_drivers,2026-05-15 08:49:13
743,742,poore,dennis,poore,british,9,N/A,04ec4e031bffab93f09e1ab2b6faa9e3e0cc1cb176dea8a2b5be4da97e4992c3,kaggle_drivers,2026-05-15 08:49:13
744,743,thompson,eric,thompson,british,9,N/A,b38fd835f91f1623a31ceca6583420396d81a8cac1009f8219582978b657d63a,kaggle_drivers,2026-05-15 08:49:13
745,744,downing,ken,downing,british,9,N/A,fc54d92a26c31b5ae68837aab5a4bdcba1920c78e2d388244f842191ac18769a,kaggle_drivers,2026-05-15 08:49:13
746,745,graham_whitehead,graham,whitehead,british,9,N/A,2e2e398a738f6f942e1da8f69cb1e9b115700566d944a8f6af75efd89fe659fe,kaggle_drivers,2026-05-15 08:49:13
747,746,bianco,gino,bianco,brazilian,8,N/A,be7bcaa0fada6b54d0c35a5db03d939ca43a332bbf7a46d863f345dcbafd496a,kaggle_drivers,2026-05-15 08:49:13
748,747,murray,david,murray,british,9,N/A,aafa3b16198f236ec430eee2aa9c0a6929f35a3ef8e5631e89482e1d2b560f9a,kaggle_drivers,2026-05-15 08:49:13
749,748,cantoni,eitel,cantoni,uruguayan,41,N/A,52aa8f23673645cc9a7db32b372317dac2a38f20f67bcaa2b4dd942201ab29a6,kaggle_drivers,2026-05-15 08:49:13
750,749,aston,bill,aston,british,9,N/A,8fb00e0d2b7dd007d27fa1d01f3b603a29c6ff082198f4eebce0d63ce62a52e5,kaggle_drivers,2026-05-15 08:49:13
751,750,brudes,adolf,brudes,german,20,N/A,3375fdb9735afc63d6c4ecb120915a184d108a7d546677f5aa48cf007cb17527,kaggle_drivers,2026-05-15 08:49:13
752,751,riess,fritz,riess,german,20,N/A,6bfa85f093e7d83fc3f56889d2301d6b6f52c8585165bdc07072dbf333a6050f,kaggle_drivers,2026-05-15 08:49:13
753,752,niedermayr,helmut,niedermayr,german,20,N/A,50a5ab82f8b8789d92f4805dac1ed3c16d6c13108f9cc278b0089073d88d0f53,kaggle_drivers,2026-05-15 08:49:13
754,753,klenk,hans,klenk,german,20,N/A,307d1113dc740238607c1ce390dae9db877326594563b53edd214d646d49e15b,kaggle_drivers,2026-05-15 08:49:13
755,754,balsa,marcel,balsa,french,19,N/A,68cf6cff5d2187cd88387a6ac279420de6f1aefeee6dae7cc13b27ba1e83b173,kaggle_drivers,2026-05-15 08:49:13
756,755,schoeller,rudolf,schoeller,swiss,39,N/A,152d4a5ba477d8939f3aa3a89c3713fab53cb63aa570a947460eeac6f8dc0214,kaggle_drivers,2026-05-15 08:49:13
757,756,pietsch,paul,pietsch,german,20,N/A,fc2a949a0a720c9761817a4bf8a86af06db176668930906aca6b3c1e0b235fcf,kaggle_drivers,2026-05-15 08:49:13
758,757,peters,josef,peters,german,20,N/A,724f9ac69c7aeb7e3eb0049a49a61617100214d328bbd3b76cd7ceb05f137c7f,kaggle_drivers,2026-05-15 08:49:13
759,758,lof,dries,van der lof,dutch,16,N/A,5fa73c9ff68e0f45073452b174289ac2001e0341c48bba14624a79b8a247f8df,kaggle_drivers,2026-05-15 08:49:13
760,759,flinterman,jan,flinterman,dutch,16,N/A,0fb83758a75093856a55366bc0a94cf4f0fb87e83adfe122e0069c226d206d63,kaggle_drivers,2026-05-15 08:49:13
761,760,dusio,piero,dusio,italian,25,N/A,7971b7fd1424b2d9bcbca9a21745ee49bd0e13cb31398a5e19806ade7a1b1d8b,kaggle_drivers,2026-05-15 08:49:13
762,761,crespo,alberto,crespo,argentine,2,N/A,3a0d477efc30981a7828582e71f002bf1eb72350f82e89aae3a7394574e58533,kaggle_drivers,2026-05-15 08:49:13
763,762,rol,franco,rol,italian,25,N/A,9706a8ec9c189ffb50f7ed3d6c493d95348cbf9a63e67408fec2c450972351fa,kaggle_drivers,2026-05-15 08:49:13
764,763,sanesi,consalvo,sanesi,italian,25,N/A,6e63eac03d85bf9bc20fae8f198c4e60e822074e8243c8d767cff656ca996403,kaggle_drivers,2026-05-15 08:49:13
765,764,guy_mairesse,guy,mairesse,french,19,N/A,19c7bcd0dc1546927be1e12a24e8c677b05dc0fb9643ce99ce75bb10c64ab501,kaggle_drivers,2026-05-15 08:49:13
766,765,louveau,henri,louveau,french,19,N/A,6bd14046e21d5f7c09dbada944eed15c97a09b612d8b82dddcb284839920e8a5,kaggle_drivers,2026-05-15 08:49:13
767,766,wallard,lee,wallard,american,0,N/A,2755b102a450e245f4031fb4059614d278db1399097691932fc082b34a9476d9,kaggle_drivers,2026-05-15 08:49:13
768,767,forberg,carl,forberg,american,0,N/A,3ac4f6df290f200d629a4357219129d92d5bc540f55abe169c8290a4694aa1a4,kaggle_drivers,2026-05-15 08:49:13
769,768,rose,mauri,rose,american,0,N/A,d431b6c92daca6cdc045ea6c95c147548ceb22bbb630015b9ebf238f6b6890ca,kaggle_drivers,2026-05-15 08:49:13
770,769,mackey,bill,mackey,american,0,N/A,10a25adc715f750edf3d931aa0ba63dff327cb437d432784ab3dedb46a31fc09,kaggle_drivers,2026-05-15 08:49:13
771,770,green,cecil,green,american,0,N/A,b647cbdb582147214509379346c277a59b4dc145998fd826f4b828a6b940d062,kaggle_drivers,2026-05-15 08:49:13
772,771,walt_brown,walt,brown,american,0,N/A,b610697db404553731ce6362e15cd833c1cae4fc8698017ec5ff76beb2bb0a53,kaggle_drivers,2026-05-15 08:49:13
773,772,hellings,mack,hellings,american,0,N/A,0380070499005c3acd416b03551cc746fe8f4a5d7586e20989a8c144b42e4ba6,kaggle_drivers,2026-05-15 08:49:13
774,773,levegh,pierre,levegh,french,19,N/A,fafb5dac325abfa52d196c7de096fb87b4d7ce69ee73b271d2b675d385170337,kaggle_drivers,2026-05-15 08:49:13
775,774,chaboud,eugene,chaboud,french,19,N/A,ee124c34c2fb173ae24217ba970bd8be5de4e1e88fba638c6d2bbc718a76e9c1,kaggle_drivers,2026-05-15 08:49:13
776,775,gordini,aldo,gordini,french,19,N/A,2448f98398d9538e241b1ab0f014fe0c37028a7cb2b07c341e269ceccc1e8fdb,kaggle_drivers,2026-05-15 08:49:13
777,776,kelly,joe,kelly,irish,24,N/A,178a143234a620bcdbe9c42f71f4f33214ce072d5f3a221dd2036678ee73c204,kaggle_drivers,2026-05-15 08:49:13
778,777,parker,philip,fotheringham-parker,british,9,N/A,678a12799a9afd28cffaf637630d1c034374af05c277965e898253552b8b08a0,kaggle_drivers,2026-05-15 08:49:13
779,778,shawe_taylor,brian,shawe taylor,british,9,N/A,2314c48206c8f392feb48c9fb8c57c2f1bdba14e40a1b0fbcad8c04f4fe7350f,kaggle_drivers,2026-05-15 08:49:13
780,779,john_james,john,james,british,9,N/A,bac4898f472dffc8ea243f6dae2be4b0c37e3bf4e384a7f5efd797b163485a98,kaggle_drivers,2026-05-15 08:49:13
781,780,branca,toni,branca,swiss,39,N/A,295d4bc0b84e896b2783491725a7e3d3b92af354eb90dcc407d2cd31d75f3f1d,kaggle_drivers,2026-05-15 08:49:13
782,781,richardson,ken,richardson,british,9,N/A,494b4c9381e9fd728f710e22ce28fae39d1449eae0ab38148de2e707e64e9741,kaggle_drivers,2026-05-15 08:49:13
783,782,jover,juan,jover,spanish,37,N/A,0c88653219e8756670d8da2b1200d333ed5d79dc467484d1fc75f5c306d2974f,kaggle_drivers,2026-05-15 08:49:13
784,783,grignard,georges,grignard,french,19,N/A,fbd1e51ce19dcecc6ae8982ca42daf3a65973176e884afaf951d1257bb92cc78,kaggle_drivers,2026-05-15 08:49:13
785,784,hampshire,david,hampshire,british,9,N/A,8391472028d840a82c40c861c76d61d960c5de5369063768d1d3108c308957ee,kaggle_drivers,2026-05-15 08:49:13
786,785,crossley,geoff,crossley,british,9,N/A,e7cab749993ec39728633c1b110692bfd901410fe3ec54f80cea38718e67c574,kaggle_drivers,2026-05-15 08:49:13
787,786,fagioli,luigi,fagioli,italian,25,N/A,e2a3b59ab2904d539c34cfe009e307c35f8c0690851d718673a1a1d924eeebb2,kaggle_drivers,2026-05-15 08:49:13
788,787,harrison,cuth,harrison,british,9,N/A,69f5c6a73f5befa43cd58006ce7334eee71307803b4a22815fe2e05750b1c372,kaggle_drivers,2026-05-15 08:49:13
789,788,fry,joe,fry,british,9,N/A,542263f78bc5167992190792103ce1992fad380936cc2b907dea750b5be1e57a,kaggle_drivers,2026-05-15 08:49:13
790,789,martin,eugene,martin,french,19,N/A,1550cd4c7bc516189ff01734c2ca494ec98bc640cb426e8b2f062b323a255a52,kaggle_drivers,2026-05-15 08:49:13
791,790,leslie_johnson,leslie,johnson,british,9,N/A,d128c525c8abe43e19e610a94c71e4c25fdb3703d80df4f0c9a3f9166b77b839,kaggle_drivers,2026-05-15 08:49:13
792,791,biondetti,clemente,biondetti,italian,25,N/A,3a3143663e43597fe82b5b75976f74b341112dd275ba16dbc74785fe509c90d1,kaggle_drivers,2026-05-15 08:49:13
793,792,pian,alfredo,pian,argentine,2,N/A,27f7710d3a38928d95fd8554cbecb3ff78087c103abc6084826173ba6c1e8e9f,kaggle_drivers,2026-05-15 08:49:13
794,793,sommer,raymond,sommer,french,19,N/A,485a9221f4411d1ecf3867fecb273161263af7bcc7f540707418f2300b078004,kaggle_drivers,2026-05-15 08:49:13
795,794,chitwood,joie,chitwood,american,0,N/A,453a648afb2ea7dfafc1fe8b4a0eae7014425d63f1050083ec422e7482258d7a,kaggle_drivers,2026-05-15 08:49:13
796,795,fohr,myron,fohr,american,0,N/A,4b8bdc8e6e59b57d1559e47ffc837dfe9859493bfaee1fbc95a25b91115176fe,kaggle_drivers,2026-05-15 08:49:13
797,796,ader,walt,ader,american,0,N/A,9e74dcd4fa0f066ea7c36d6ea862e7336cce65a43f088caf3bf4772de1e5433f,kaggle_drivers,2026-05-15 08:49:13
798,797,holmes,jackie,holmes,american,0,N/A,6ca000570e2c88187f0c60295885e0a66718918f69e1876d38f329692c4f7753,kaggle_drivers,2026-05-15 08:49:13
799,798,levrett,bayliss,levrett,american,0,N/A,511c2813b32d9d2235073115512e0429523d9d59781689c44a1a70dbd48f95d4,kaggle_drivers,2026-05-15 08:49:13
800,799,jackson,jimmy,jackson,american,0,N/A,f17cbd76e9832383073dbf187cd06324e6f1fb163f8267a17f4e87d7a22f95ab,kaggle_drivers,2026-05-15 08:49:13
801,800,pagani,nello,pagani,italian,25,N/A,106fcd5534a3f517cc86c97ee6084b74bd7831a85c8c9220e6bbc09ad6e03945,kaggle_drivers,2026-05-15 08:49:13
802,801,pozzi,charles,pozzi,french,19,N/A,dac736763e1630b983f7052b8de33d5930656ac1d5da7ec116966a2440d03553,kaggle_drivers,2026-05-15 08:49:13
803,802,serafini,dorino,serafini,italian,25,N/A,3baf7a64218b8dda08924eb21b5f7a9d971f93c4d7f94363f12af32ec8bf05b5,kaggle_drivers,2026-05-15 08:49:13
804,803,cantrell,bill,cantrell,american,0,N/A,e43671b54e3ff9cb6025d0e9a6496ff73ea93b728c11a87c432e07348fa731c6,kaggle_drivers,2026-05-15 08:49:13
805,804,mantz,johnny,mantz,american,0,N/A,809ea4151724b7c70a5fe7cec211ef3df8c28ebb554895cc2e4dffe18bd8c268,kaggle_drivers,2026-05-15 08:49:13
806,805,kladis,danny,kladis,american,0,N/A,eb81ee9ffbced16bef5e54bb135ee6b6130e6f94aac98649d9cf5ad620f637b5,kaggle_drivers,2026-05-15 08:49:13
807,806,oscar_gonzalez,oscar,gonzalez,uruguayan,41,N/A,dcca14a8b79d0019a37d88af819e7e57c17414ab21ff09e1f441ea3f49228728,kaggle_drivers,2026-05-15 08:49:13
808,807,hulkenberg,nico,hulkenberg,german,20,HUL,ef595911273ae800c6b3438f258285cac732e1b447dc0ad1d049165f84d30241,kaggle_drivers,2026-05-15 08:49:13
809,808,petrov,vitaly,petrov,russian,35,PET,957b2fdc9daf38dc9cb53705b97bfd5618cadf9cb088b84f0ac63b08b94ddb6e,kaggle_drivers,2026-05-15 08:49:13
810,810,grassi,lucas,di grassi,brazilian,8,DIG,9db7e7ba3a0a436a40e4c537419e51d1f94a01dd60a088af6941a106118a3c1b,kaggle_drivers,2026-05-15 08:49:13
811,811,bruno_senna,bruno,senna,brazilian,8,SEN,bb9767a4e755913836e6fa85d5a1102199f80886d4df52d23597d68842615298,kaggle_drivers,2026-05-15 08:49:13
812,812,chandhok,karun,chandhok,indian,22,CHA,83f289c359e980b5d3e6c1f97a3bf0c7fe7805c043e28b160f127ca6e0cdfe7c,kaggle_drivers,2026-05-15 08:49:13
813,813,maldonado,pastor,maldonado,venezuelan,42,MAL,dfffa748b0a2451bbde93949189ea64de8ceb2c17f2daec6664d55bbdf6886c8,kaggle_drivers,2026-05-15 08:49:13
814,814,resta,paul,di resta,british,9,DIR,af9a692673ff83fb11cbd35545ba557c42fd4bdf55d3e651428cd1d9d412cd43,kaggle_drivers,2026-05-15 08:49:13
815,815,perez,sergio,perez,mexican,29,PER,df1471eab70f6746cf9b6f10c889bc233fda6020796270a9aa40e63f12b251c8,kaggle_drivers,2026-05-15 08:49:13
816,816,ambrosio,jerome,d'ambrosio,belgian,7,DAM,366f77cf3fd19ccda60d25ee107cc2dd2241a00ab229ed4c18ef72b2490ec904,kaggle_drivers,2026-05-15 08:49:13
817,817,ricciardo,daniel,ricciardo,australian,5,RIC,d558b6450be9fcd9da5baca4e90076c2242ff13c0d5af911e8b4864dad5df54f,kaggle_drivers,2026-05-15 08:49:13
818,818,vergne,jean-eric,vergne,french,19,VER,c88a56a950c146992bdde59db6789d087c0e424f663abf9172923024e9fbada8,kaggle_drivers,2026-05-15 08:49:13
819,819,pic,charles,pic,french,19,PIC,2d2d521726127b8fa7bcd1bd7e1841be85eb7ae4e1806f3faa7dcca46aaa5301,kaggle_drivers,2026-05-15 08:49:13
820,820,chilton,max,chilton,british,9,CHI,884e63466629e6b950f2e0dc0e31f2b6ff4571d1f964593096c97da3fc489d18,kaggle_drivers,2026-05-15 08:49:13
821,821,gutierrez,esteban,gutierrez,mexican,29,GUT,be22d313c148f3b50acf62f22dd359aed816b50414fb7575bef5bd765d49c707,kaggle_drivers,2026-05-15 08:49:13
822,822,bottas,valtteri,bottas,finnish,18,BOT,8182b08a80b4cadb892ce50a95d455d0f15e8671aebac1634741780a8c5504b8,kaggle_drivers,2026-05-15 08:49:13
823,823,garde,giedo,van der garde,dutch,16,VDG,30729d3fcf356b35c621c72f9e2d8a43ff64a8054a48eb572504dfcb96b23067,kaggle_drivers,2026-05-15 08:49:13
824,824,jules_bianchi,jules,bianchi,french,19,BIA,b125dbfaebf61e6491821f508eeeaabcc1baba41d35a7c60231ad269f9993028,kaggle_drivers,2026-05-15 08:49:13
825,825,kevin_magnussen,kevin,magnussen,danish,15,MAG,d6c1bed0ac47b391c35a0d1c7819e7d1bd22376b7ecd9321d09b8624c692fc00,kaggle_drivers,2026-05-15 08:49:13
826,826,kvyat,daniil,kvyat,russian,35,KVY,e0e0beab6fdecb2bf848e17638cf1a36aa0e1864e101490f8333bb5ecbadaa98,kaggle_drivers,2026-05-15 08:49:13
827,827,lotterer,andre,lotterer,german,20,LOT,65818df1e12870c338b04754eb2f2a54291135eb87c67df08dca1ac25b0d1910,kaggle_drivers,2026-05-15 08:49:13
828,828,ericsson,marcus,ericsson,swedish,38,ERI,f6fa63975e983c64700723437ae9f61e67115c3e56877923bded06a221138e07,kaggle_drivers,2026-05-15 08:49:13
829,829,stevens,will,stevens,british,9,STE,9f983bb6b7ec01ada7032bcee68a7c84adbfb34eef67ff1c192fc7bb95e4fdfd,kaggle_drivers,2026-05-15 08:49:13
830,830,max_verstappen,max,verstappen,dutch,16,VER,e340dcea5162829c375fc7e3ab7ac09d207e310d5434ba6a45c094ba93b04841,kaggle_drivers,2026-05-15 08:49:13
831,831,nasr,felipe,nasr,brazilian,8,NAS,9c15a379e7879322e7f45feafa8f6c81a35d25800700102c9ff49a2cb1204f41,kaggle_drivers,2026-05-15 08:49:13
832,832,sainz,carlos,sainz,spanish,37,SAI,9418f71f58b4178ccd919b494c73ad5f3c5ad9cee551584848a01d54ef7b6825,kaggle_drivers,2026-05-15 08:49:13
833,833,merhi,roberto,merhi,spanish,37,MER,c340291ce29a2af2393aad2b003aabccea64b50112e4c649f24f3386e96ea140,kaggle_drivers,2026-05-15 08:49:13
834,834,rossi,alexander,rossi,american,0,RSS,b470e34447a9592748a777b20bbe4e7db6d1c5f02b76b19b39750f2bf2d67bf7,kaggle_drivers,2026-05-15 08:49:13
835,835,jolyon_palmer,jolyon,palmer,british,9,PAL,9d1734f694f11f9c3c14abd10c6210e5f2878e68273036fecd4596801178b732,kaggle_drivers,2026-05-15 08:49:13
836,836,wehrlein,pascal,wehrlein,german,20,WEH,fa4da9dda646098ff068a54e3e8177dd6d9f28c6cdccbb761f084fdafd670d19,kaggle_drivers,2026-05-15 08:49:13
837,837,haryanto,rio,haryanto,indonesian,23,HAR,ec0e1a96d466af1a6a31ac7ea2040970ef8583fd37b579605af320ab751f1908,kaggle_drivers,2026-05-15 08:49:13
838,838,vandoorne,stoffel,vandoorne,belgian,7,VAN,66e1116f081c17c44df0d327e8041e9517b0aff7c77a01aedc9ba54126d32d41,kaggle_drivers,2026-05-15 08:49:13
839,839,ocon,esteban,ocon,french,19,OCO,3b1dfad964913a1e0552fea01648df72bb7baae92087e68ff32539239535fdff,kaggle_drivers,2026-05-15 08:49:13
840,840,stroll,lance,stroll,canadian,10,STR,46c16e044bb69e877d3bbc4db77068e6247a9cb03d55e39d09591ac4fb508b84,kaggle_drivers,2026-05-15 08:49:13
841,841,giovinazzi,antonio,giovinazzi,italian,25,GIO,d7faab65a111bacde97598588dff3fee81be7884c631427125e505d8372a3e05,kaggle_drivers,2026-05-15 08:49:13
842,843,brendon_hartley,brendon,hartley,new zealander,31,HAR,1cea6da42d07694fd5797f6e4ea40355a9dc6219ac3d66f4cbc4432423817d68,kaggle_drivers,2026-05-15 08:49:13
843,844,leclerc,charles,leclerc,monegasque,30,LEC,1466e5187a65889deed1116105e3928e83d18067f8a725d2fb200b16f2f725fd,kaggle_drivers,2026-05-15 08:49:13
844,845,sirotkin,sergey,sirotkin,russian,35,SIR,bfe04bf2e797467ab7dc915db4ff4b63e42f3f1eb462930e58975094918840bb,kaggle_drivers,2026-05-15 08:49:13
845,846,norris,lando,norris,british,9,NOR,425281b3aec4dd817e6cdc0ae046435a9133baece15a289c9d3c0c0c98ab2e93,kaggle_drivers,2026-05-15 08:49:13
846,847,russell,george,russell,british,9,RUS,b383f06c89644c759f156d8a092eb51034060c6bd29a23036f772684e29f765d,kaggle_drivers,2026-05-15 08:49:13
847,848,albon,alexander,albon,thai,40,ALB,822b839e8c5a930561084d94d03bdf4efd30f1260e96af5153d118a17c4c2b55,kaggle_drivers,2026-05-15 08:49:13
848,849,latifi,nicholas,latifi,canadian,10,LAT,c26a4e1c599beec6a83a056fa4c8c818c51a758710165f6c6adee1190925a3d6,kaggle_drivers,2026-05-15 08:49:13
849,850,pietro_fittipaldi,pietro,fittipaldi,brazilian,8,FIT,d7ab733b991b21b26db6f08e8a87afe46b95272cb743fc900a62a14dd51dbcfd,kaggle_drivers,2026-05-15 08:49:13
850,851,aitken,jack,aitken,british,9,AIT,dc724ce7dbb3f2ce83edeb3e8b3bde37e8b2a204349442eb01592054b51cac87,kaggle_drivers,2026-05-15 08:49:13
851,852,tsunoda,yuki,tsunoda,japanese,26,TSU,5076fc0774c3b50dcbfb3e24e0298d00ec848ce553e2dacbd7633396b7415821,kaggle_drivers,2026-05-15 08:49:13
852,853,mazepin,nikita,mazepin,russian,35,MAZ,ebb60bfe437d003525085cfe40f55b39e8b2519d6f4d9cbfb062bb5bfcebf45f,kaggle_drivers,2026-05-15 08:49:13
853,854,mick_schumacher,mick,schumacher,german,20,MSC,418ab108ee2cd4af48a46b51790ab2b11d21dd20663e277a7c52b8fa2c0b7970,kaggle_drivers,2026-05-15 08:49:13
854,855,zhou,guanyu,zhou,chinese,12,ZHO,57df4247240416b0c3dba36c53daa9691ae6e617c7059c1b08bef7a2f52d4ee5,kaggle_drivers,2026-05-15 08:49:13
855,856,de_vries,nyck,de vries,dutch,16,DEV,672d8afd03b84ecafa3f6942698cdd7a7266e027448973d91db6048936aeab5c,kaggle_drivers,2026-05-15 08:49:13
856,857,piastri,oscar,piastri,australian,5,PIA,a33fbb8b406b0eefafda05a5176bb741a014ce37b21fd186161b974818a85bda,kaggle_drivers,2026-05-15 08:49:13
857,858,sargeant,logan,sargeant,american,0,SAR,4b4ac575bf5bcec41d7b828f333d3b51d8ff5c86ca38cba2543deb09a385f1ae,kaggle_drivers,2026-05-15 08:49:13
858,859,lawson,liam,lawson,new zealander,31,LAW,64740b078b9d621563f1c569557110fe4598882978738a351c7cf5b26dc900fd,kaggle_drivers,2026-05-15 08:49:13
859,860,bearman,oliver,bearman,british,9,BEA,421421df05440f92679c98ebfca298065b504be63c1c93a1ec738585138f42f2,kaggle_drivers,2026-05-15 08:49:13
860,861,colapinto,franco,colapinto,argentinian,4,COL,6cc9b6786a485e6212a5700621da55e1cdf9db671d34ecc835724410b0b54aa4,kaggle_drivers,2026-05-15 08:49:13
861,862,doohan,jack,doohan,australian,5,DOO,fad03799b04a7e32959a430edecbf29c66fb2b7cade8781f88e3dda7c328629d,kaggle_drivers,2026-05-15 08:49:13
